<?xml version="1.0" encoding="utf-8"?><App xmlns="http://schemas.microsoft.com/sharepoint/2012/app/manifest" Name="gap-claims-letters-client-side-solution" ProductID="31e6834d-ffad-47cb-88d5-63893579ae75" Version="1.0.0.0" SharePointMinVersion="16.0.0.0" IsClientSideSolution="true" SkipFeatureDeployment="true" IsDomainIsolated="false"><Properties><Title>gap-claims-letters-client-side-solution</Title><DeveloperProperties>{&quot;name&quot;:&quot;&quot;,&quot;websiteUrl&quot;:&quot;&quot;,&quot;privacyUrl&quot;:&quot;&quot;,&quot;termsOfUseUrl&quot;:&quot;&quot;,&quot;mpnId&quot;:&quot;Undefined-1.14.0&quot;}</DeveloperProperties><ShortDescription><LocalizedString CultureName="default">GapClaimsLetters description</LocalizedString></ShortDescription><LongDescription><LocalizedString CultureName="default">GapClaimsLetters description</LocalizedString></LongDescription><Screenshots></Screenshots></Properties></App>