{
  "id": "a5420b82-a9d0-462b-9bc6-0443afad600a",
  "alias": "ValidationsProblemWebPart",
  "componentType": "WebPart",
  "version": "0.0.1",
  "manifestVersion": 2,
  "requiresCustomScript": false,
  "supportedHosts": [
    "SharePointWebPart"
  ],
  "preconfiguredEntries": [
    {
      "groupId": "5c03119e-3074-46fd-976b-c60198311f70",
      "group": {
        "default": "Other"
      },
      "title": {
        "default": "ValidationsProblem"
      },
      "description": {
        "default": "ValidationsProblem description"
      },
      "officeFabricIconFontName": "Page",
      "properties": {
        "description": "Validations",
        "LogoUrl": "",
        "ExitUrl": ""
      }
    }
  ],
  "loaderConfig": {
    "internalModuleBaseUrls": [
      "<!-- PATH TO CDN -->"
    ],
    "entryModuleId": "validations-problem-web-part",
    "scriptResources": {
      "validations-problem-web-part": {
        "type": "path",
        "path": "validations-problem-web-part_f5e5d1de3ac156cf8a9c.js"
      },
      "@microsoft/sp-property-pane": {
        "type": "component",
        "id": "f9e737b7-f0df-4597-ba8c-3060f82380db",
        "version": "1.12.1"
      },
      "@microsoft/sp-loader": {
        "type": "component",
        "id": "1c6c9123-7aac-41f3-a376-3caea41ed83f",
        "version": "1.12.1"
      },
      "@microsoft/sp-lodash-subset": {
        "type": "component",
        "id": "73e1dc6c-8441-42cc-ad47-4bd3659f8a3a",
        "version": "1.12.1"
      },
      "ControlStrings": {
        "type": "localizedPath",
        "paths": {
          "bg-BG": "ControlStrings_bg-bg_522a1ea5f2de16de592b8ca46886a63d.js",
          "ca-ES": "ControlStrings_ca-es_4d8eff889005afac31fb9d4e1c7aabf9.js",
          "da-DK": "ControlStrings_da-dk_90787dedf6fb622a9dae71c1d7764b90.js",
          "de-DE": "ControlStrings_de-de_971cd16ae82bba3c5393fbe77a37f64a.js",
          "el-GR": "ControlStrings_el-gr_81adcbb1dec84c9a6f15f57eca76afbc.js",
          "en-US": "ControlStrings_en-us_911e22fbb0eb99be99a2dfa33ad6901c.js",
          "es-ES": "ControlStrings_es-es_10f31d1c65a0926bea77ecca5b25b87d.js",
          "et-EE": "ControlStrings_et-ee_af355596ad64e360fcc4ca95bdc10033.js",
          "eu-ES": "ControlStrings_eu-es_9dfb544c9b7e3123a5ced2bfc6d4afa6.js",
          "fi-FI": "ControlStrings_fi-fi_58c79aac46cdbad6ba89fe15111616a1.js",
          "fr-CA": "ControlStrings_fr-ca_9b20b8b5f326cf8234aaa9c813f71415.js",
          "fr-FR": "ControlStrings_fr-fr_2890edc1e9781767448052400b504f62.js",
          "it-IT": "ControlStrings_it-it_195888750e288a74f99acdf90f6c683c.js",
          "ja-JP": "ControlStrings_ja-jp_f105e3d297271c160ad6af8c9d08e3f6.js",
          "lt-LT": "ControlStrings_lt-lt_edd93d27847240c2054dd02a8b5d3134.js",
          "lv-LV": "ControlStrings_lv-lv_590c96898d146fc81e7dc13cb1b28e18.js",
          "nb-NO": "ControlStrings_nb-no_1cea890bdecd2c1ebc54c75131db5b6b.js",
          "nl-NL": "ControlStrings_nl-nl_abe9a666eb069f686e180ac68bb0ec35.js",
          "pl-PL": "ControlStrings_pl-pl_7049b952d1206fcac235bfbdd4206632.js",
          "pt-PT": "ControlStrings_pt-pt_914f407858a0aaf2a59502e54aa8919a.js",
          "ro-RO": "ControlStrings_ro-ro_29109407ad73b7ae4fac55965c2f4d85.js",
          "ru-RU": "ControlStrings_ru-ru_a2c976e189d064c9f644ca749dce2a2b.js",
          "sk-SK": "ControlStrings_sk-sk_983adf8b958ff4892c7ac666bde1e681.js",
          "sr-Latn-RS": "ControlStrings_sr-latn-rs_0f882286bd699ed51c4d34450c8346b7.js",
          "sv-SE": "ControlStrings_sv-se_a6ddd05b01b7d1a0f400c118386d125a.js",
          "tr-TR": "ControlStrings_tr-tr_7c466b15c9744c65b58f5362b874b1d4.js",
          "vi-VN": "ControlStrings_vi-vn_673fee8a45d447962de929d733683bd0.js",
          "zh-CN": "ControlStrings_zh-cn_3b2b2a89753426ad0480e9faada9be8f.js",
          "zh-TW": "ControlStrings_zh-tw_0307fc58f9fecd4ad8623f4971b03ae3.js"
        },
        "defaultPath": "ControlStrings_en-us_911e22fbb0eb99be99a2dfa33ad6901c.js"
      },
      "@microsoft/sp-core-library": {
        "type": "component",
        "id": "7263c7d0-1d6a-45ec-8d85-d4d1d234171b",
        "version": "1.12.1"
      },
      "@microsoft/sp-webpart-base": {
        "type": "component",
        "id": "974a7777-0990-4136-8fa6-95d80114c2e0",
        "version": "1.12.1"
      },
      "react": {
        "type": "component",
        "id": "0d910c1c-13b9-4e1c-9aa4-b008c5e42d7d",
        "version": "16.9.0"
      },
      "react-dom": {
        "type": "component",
        "id": "aa0a46ec-1505-43cd-a44a-93f3a5aa460a",
        "version": "16.9.0"
      },
      "ValidationsProblemWebPartStrings": {
        "type": "path",
        "path": "ValidationsProblemWebPartStrings_en-us_bf63d0dbcbd057d26f439dec4e19d4ec.js"
      },
      "@microsoft/sp-http": {
        "type": "component",
        "id": "c07208f0-ea3b-4c1a-9965-ac1b825211a6",
        "version": "1.12.1"
      }
    }
  }
}