[{"id":"73e1dc6c-8441-42cc-ad47-4bd3659f8a3a","alias":"SPLodashSubset","componentType":"Library","version":"1.12.1","manifestVersion":2,"loaderConfig":{"internalModuleBaseUrls":["https://localhost:4321/node_modules/@microsoft/sp-lodash-subset/dist/"],"entryModuleId":"sp-lodash-subset","scriptResources":{"sp-lodash-subset":{"type":"path","path":"sp-lodash-subset_f27338a6e8aa6a7ceda8.js"}}}},{"id":"7263c7d0-1d6a-45ec-8d85-d4d1d234171b","alias":"SPCoreLibrary","componentType":"Library","version":"1.12.1","manifestVersion":2,"loaderConfig":{"internalModuleBaseUrls":["https://localhost:4321/node_modules/@microsoft/sp-core-library/dist/","https://localhost:4321/dist/"],"entryModuleId":"sp-core-library","scriptResources":{"sp-core-library":{"type":"localizedPath","paths":{"default":"sp-core-library_default.js","en-US":"sp-core-library_en-us.js","qps-ploca":"sp-core-library_qps-ploca.js","qps-ploc":"sp-core-library_qps-ploc.js","en-GB":"sp-core-library_en-us.js","en-NZ":"sp-core-library_en-us.js","en-IE":"sp-core-library_en-us.js","en-AU":"sp-core-library_en-us.js","bn":"sp-core-library_en-us.js","chr":"sp-core-library_en-us.js","dv":"sp-core-library_en-us.js","div":"sp-core-library_en-us.js","en":"sp-core-library_en-us.js","fil":"sp-core-library_en-us.js","haw":"sp-core-library_en-us.js","iu":"sp-core-library_en-us.js","lo":"sp-core-library_en-us.js","moh":"sp-core-library_en-us.js","sq":"sp-core-library_en-us.js","am":"sp-core-library_en-us.js","hy":"sp-core-library_en-us.js","mk":"sp-core-library_en-us.js","bs":"sp-core-library_en-us.js","my":"sp-core-library_en-us.js","dz":"sp-core-library_en-us.js","en-CY":"sp-core-library_en-us.js","en-EG":"sp-core-library_en-us.js","en-IL":"sp-core-library_en-us.js","en-IS":"sp-core-library_en-us.js","en-JO":"sp-core-library_en-us.js","en-KE":"sp-core-library_en-us.js","en-KW":"sp-core-library_en-us.js","en-MK":"sp-core-library_en-us.js","en-MT":"sp-core-library_en-us.js","en-PK":"sp-core-library_en-us.js","en-QA":"sp-core-library_en-us.js","en-SA":"sp-core-library_en-us.js","en-LK":"sp-core-library_en-us.js","en-AE":"sp-core-library_en-us.js","en-VN":"sp-core-library_en-us.js","is":"sp-core-library_en-us.js","km":"sp-core-library_en-us.js","kh":"sp-core-library_en-us.js","mt":"sp-core-library_en-us.js","fa":"sp-core-library_en-us.js","gd":"sp-core-library_en-us.js","sr-Cyrl-BA":"sp-core-library_en-us.js","sr-Latn-BA":"sp-core-library_en-us.js","sd":"sp-core-library_en-us.js","si":"sp-core-library_en-us.js","so":"sp-core-library_en-us.js","ti-ET":"sp-core-library_en-us.js","uz":"sp-core-library_en-us.js","en-SG":"sp-core-library_en-us.js","en-HK":"sp-core-library_en-us.js","en-MY":"sp-core-library_en-us.js","en-PH":"sp-core-library_en-us.js","en-TT":"sp-core-library_en-us.js","en-AZ":"sp-core-library_en-us.js","en-BH":"sp-core-library_en-us.js","en-BN":"sp-core-library_en-us.js","en-ID":"sp-core-library_en-us.js","mi":"sp-core-library_en-us.js"},"defaultPath":"sp-core-library_default.js"},"tslib":{"type":"component","id":"01c4df03-e775-48cb-aa14-171ee5199a15","version":"1.10.0"},"@ms/odsp-core-bundle":{"type":"component","id":"2e09fb9b-13bb-48f2-859f-97d6fff71176","version":"1.1.13"},"@microsoft/sp-lodash-subset":{"type":"component","id":"73e1dc6c-8441-42cc-ad47-4bd3659f8a3a","version":"1.12.1"}}}},{"id":"29bd516f-4ece-40b7-8028-597cbc65a223","alias":"SpOfficeUIFabricCore","componentType":"Library","version":"1.12.1","manifestVersion":2,"loaderConfig":{"internalModuleBaseUrls":["https://localhost:4321/node_modules/@microsoft/sp-office-ui-fabric-core/dist/","http://localhost:4321/dist/"],"entryModuleId":"office-ui-fabric-core","scriptResources":{"office-ui-fabric-core":{"type":"path","path":"office-ui-fabric-core_none.js"},"@microsoft/load-themed-styles":{"type":"component","id":"229b8d08-79f3-438b-8c21-4613fc877abd","version":"0.1.2"}}}},{"id":"02a01e42-69ab-403d-8a16-acd128661f8e","alias":"OfficeUIFabricReact","componentType":"Library","version":"1.12.1","manifestVersion":2,"loaderConfig":{"internalModuleBaseUrls":["https://localhost:4321/node_modules/@microsoft/office-ui-fabric-react-bundle/dist/","https://localhost:4321/dist/"],"entryModuleId":"office-ui-fabric-react-bundle","scriptResources":{"office-ui-fabric-react-bundle":{"type":"path","path":"office-ui-fabric-react-bundle_none.js"},"tslib":{"type":"component","id":"01c4df03-e775-48cb-aa14-171ee5199a15","version":"1.10.0"},"react":{"type":"component","id":"0d910c1c-13b9-4e1c-9aa4-b008c5e42d7d","version":"16.9.0"},"react-dom":{"type":"component","id":"aa0a46ec-1505-43cd-a44a-93f3a5aa460a","version":"16.9.0"},"@ms/uifabric-styling-bundle":{"type":"component","id":"17ce0976-e69a-4355-be84-89b69a74717d","version":"0.1.0"}}}},{"manifestVersion":2,"id":"78359e4b-07c2-43c6-8d0b-d060b4d577e8","alias":"SPDiagnostics","componentType":"Library","version":"1.12.1","loaderConfig":{"internalModuleBaseUrls":["https://localhost:4321/node_modules/@microsoft/sp-diagnostics/dist/","https://localhost:4321/dist/"],"entryModuleId":"sp-diagnostics","scriptResources":{"sp-diagnostics":{"type":"path","path":"sp-diagnostics_none.js"},"@microsoft/sp-lodash-subset":{"type":"component","id":"73e1dc6c-8441-42cc-ad47-4bd3659f8a3a","version":"1.12.1"},"@microsoft/sp-core-library":{"type":"component","id":"7263c7d0-1d6a-45ec-8d85-d4d1d234171b","version":"1.12.1"}}}},{"manifestVersion":2,"id":"e40f8203-b39d-425a-a957-714852e33b79","alias":"SPDynamicData","componentType":"Library","version":"1.12.1","loaderConfig":{"internalModuleBaseUrls":["https://localhost:4321/node_modules/@microsoft/sp-dynamic-data/dist/","https://localhost:4321/dist/"],"entryModuleId":"sp-dynamic-data","scriptResources":{"sp-dynamic-data":{"type":"localizedPath","paths":{"default":"sp-dynamic-data_default.js","en-US":"sp-dynamic-data_en-us.js","qps-ploca":"sp-dynamic-data_qps-ploca.js","qps-ploc":"sp-dynamic-data_qps-ploc.js","en-GB":"sp-dynamic-data_en-us.js","en-NZ":"sp-dynamic-data_en-us.js","en-IE":"sp-dynamic-data_en-us.js","en-AU":"sp-dynamic-data_en-us.js","bn":"sp-dynamic-data_en-us.js","chr":"sp-dynamic-data_en-us.js","dv":"sp-dynamic-data_en-us.js","div":"sp-dynamic-data_en-us.js","en":"sp-dynamic-data_en-us.js","fil":"sp-dynamic-data_en-us.js","haw":"sp-dynamic-data_en-us.js","iu":"sp-dynamic-data_en-us.js","lo":"sp-dynamic-data_en-us.js","moh":"sp-dynamic-data_en-us.js","sq":"sp-dynamic-data_en-us.js","am":"sp-dynamic-data_en-us.js","hy":"sp-dynamic-data_en-us.js","mk":"sp-dynamic-data_en-us.js","bs":"sp-dynamic-data_en-us.js","my":"sp-dynamic-data_en-us.js","dz":"sp-dynamic-data_en-us.js","en-CY":"sp-dynamic-data_en-us.js","en-EG":"sp-dynamic-data_en-us.js","en-IL":"sp-dynamic-data_en-us.js","en-IS":"sp-dynamic-data_en-us.js","en-JO":"sp-dynamic-data_en-us.js","en-KE":"sp-dynamic-data_en-us.js","en-KW":"sp-dynamic-data_en-us.js","en-MK":"sp-dynamic-data_en-us.js","en-MT":"sp-dynamic-data_en-us.js","en-PK":"sp-dynamic-data_en-us.js","en-QA":"sp-dynamic-data_en-us.js","en-SA":"sp-dynamic-data_en-us.js","en-LK":"sp-dynamic-data_en-us.js","en-AE":"sp-dynamic-data_en-us.js","en-VN":"sp-dynamic-data_en-us.js","is":"sp-dynamic-data_en-us.js","km":"sp-dynamic-data_en-us.js","kh":"sp-dynamic-data_en-us.js","mt":"sp-dynamic-data_en-us.js","fa":"sp-dynamic-data_en-us.js","gd":"sp-dynamic-data_en-us.js","sr-Cyrl-BA":"sp-dynamic-data_en-us.js","sr-Latn-BA":"sp-dynamic-data_en-us.js","sd":"sp-dynamic-data_en-us.js","si":"sp-dynamic-data_en-us.js","so":"sp-dynamic-data_en-us.js","ti-ET":"sp-dynamic-data_en-us.js","uz":"sp-dynamic-data_en-us.js","en-SG":"sp-dynamic-data_en-us.js","en-HK":"sp-dynamic-data_en-us.js","en-MY":"sp-dynamic-data_en-us.js","en-PH":"sp-dynamic-data_en-us.js","en-TT":"sp-dynamic-data_en-us.js","en-AZ":"sp-dynamic-data_en-us.js","en-BH":"sp-dynamic-data_en-us.js","en-BN":"sp-dynamic-data_en-us.js","en-ID":"sp-dynamic-data_en-us.js","mi":"sp-dynamic-data_en-us.js"},"defaultPath":"sp-dynamic-data_default.js"},"@microsoft/sp-lodash-subset":{"type":"component","id":"73e1dc6c-8441-42cc-ad47-4bd3659f8a3a","version":"1.12.1"},"@microsoft/sp-core-library":{"type":"component","id":"7263c7d0-1d6a-45ec-8d85-d4d1d234171b","version":"1.12.1"},"@microsoft/sp-diagnostics":{"type":"component","id":"78359e4b-07c2-43c6-8d0b-d060b4d577e8","version":"1.12.1"}}}},{"id":"1e384972-6346-49b4-93c7-b2e6763938e6","alias":"sp-polyfills","componentType":"Library","version":"1.12.1","manifestVersion":2,"loaderConfig":{"internalModuleBaseUrls":["https://localhost:4321/node_modules/@microsoft/sp-polyfills/dist/","http://localhost:4321/dist/"],"entryModuleId":"sp-polyfills","scriptResources":{"sp-polyfills":{"type":"path","path":"sp-polyfills_none.js"}}}},{"id":"c07208f0-ea3b-4c1a-9965-ac1b825211a6","alias":"SPHttp","componentType":"Library","version":"1.12.1","manifestVersion":2,"preloadComponents":[],"loaderConfig":{"internalModuleBaseUrls":["https://localhost:4321/node_modules/@microsoft/sp-http/dist/","https://localhost:4321/dist/"],"entryModuleId":"sp-http","scriptResources":{"sp-http":{"type":"localizedPath","paths":{"default":"sp-http_default.js","en-US":"sp-http_en-us.js","qps-ploca":"sp-http_qps-ploca.js","qps-ploc":"sp-http_qps-ploc.js","en-GB":"sp-http_en-us.js","en-NZ":"sp-http_en-us.js","en-IE":"sp-http_en-us.js","en-AU":"sp-http_en-us.js","bn":"sp-http_en-us.js","chr":"sp-http_en-us.js","dv":"sp-http_en-us.js","div":"sp-http_en-us.js","en":"sp-http_en-us.js","fil":"sp-http_en-us.js","haw":"sp-http_en-us.js","iu":"sp-http_en-us.js","lo":"sp-http_en-us.js","moh":"sp-http_en-us.js","sq":"sp-http_en-us.js","am":"sp-http_en-us.js","hy":"sp-http_en-us.js","mk":"sp-http_en-us.js","bs":"sp-http_en-us.js","my":"sp-http_en-us.js","dz":"sp-http_en-us.js","en-CY":"sp-http_en-us.js","en-EG":"sp-http_en-us.js","en-IL":"sp-http_en-us.js","en-IS":"sp-http_en-us.js","en-JO":"sp-http_en-us.js","en-KE":"sp-http_en-us.js","en-KW":"sp-http_en-us.js","en-MK":"sp-http_en-us.js","en-MT":"sp-http_en-us.js","en-PK":"sp-http_en-us.js","en-QA":"sp-http_en-us.js","en-SA":"sp-http_en-us.js","en-LK":"sp-http_en-us.js","en-AE":"sp-http_en-us.js","en-VN":"sp-http_en-us.js","is":"sp-http_en-us.js","km":"sp-http_en-us.js","kh":"sp-http_en-us.js","mt":"sp-http_en-us.js","fa":"sp-http_en-us.js","gd":"sp-http_en-us.js","sr-Cyrl-BA":"sp-http_en-us.js","sr-Latn-BA":"sp-http_en-us.js","sd":"sp-http_en-us.js","si":"sp-http_en-us.js","so":"sp-http_en-us.js","ti-ET":"sp-http_en-us.js","uz":"sp-http_en-us.js","en-SG":"sp-http_en-us.js","en-HK":"sp-http_en-us.js","en-MY":"sp-http_en-us.js","en-PH":"sp-http_en-us.js","en-TT":"sp-http_en-us.js","en-AZ":"sp-http_en-us.js","en-BH":"sp-http_en-us.js","en-BN":"sp-http_en-us.js","en-ID":"sp-http_en-us.js","mi":"sp-http_en-us.js"},"defaultPath":"sp-http_default.js"},"tslib":{"type":"component","id":"01c4df03-e775-48cb-aa14-171ee5199a15","version":"1.10.0"},"@microsoft/sp-core-library":{"type":"component","id":"7263c7d0-1d6a-45ec-8d85-d4d1d234171b","version":"1.12.1"},"@microsoft/sp-diagnostics":{"type":"component","id":"78359e4b-07c2-43c6-8d0b-d060b4d577e8","version":"1.12.1"}}}},{"id":"1c4541f7-5c31-41aa-9fa8-fbc9dc14c0a8","alias":"SPPageContext","componentType":"Library","version":"1.12.1","manifestVersion":2,"loaderConfig":{"internalModuleBaseUrls":["https://localhost:4321/node_modules/@microsoft/sp-page-context/dist/","https://localhost:4321/dist/"],"entryModuleId":"sp-page-context","scriptResources":{"sp-page-context":{"type":"localizedPath","paths":{"default":"sp-page-context_default.js","en-US":"sp-page-context_en-us.js","qps-ploca":"sp-page-context_qps-ploca.js","qps-ploc":"sp-page-context_qps-ploc.js","en-GB":"sp-page-context_en-us.js","en-NZ":"sp-page-context_en-us.js","en-IE":"sp-page-context_en-us.js","en-AU":"sp-page-context_en-us.js","bn":"sp-page-context_en-us.js","chr":"sp-page-context_en-us.js","dv":"sp-page-context_en-us.js","div":"sp-page-context_en-us.js","en":"sp-page-context_en-us.js","fil":"sp-page-context_en-us.js","haw":"sp-page-context_en-us.js","iu":"sp-page-context_en-us.js","lo":"sp-page-context_en-us.js","moh":"sp-page-context_en-us.js","sq":"sp-page-context_en-us.js","am":"sp-page-context_en-us.js","hy":"sp-page-context_en-us.js","mk":"sp-page-context_en-us.js","bs":"sp-page-context_en-us.js","my":"sp-page-context_en-us.js","dz":"sp-page-context_en-us.js","en-CY":"sp-page-context_en-us.js","en-EG":"sp-page-context_en-us.js","en-IL":"sp-page-context_en-us.js","en-IS":"sp-page-context_en-us.js","en-JO":"sp-page-context_en-us.js","en-KE":"sp-page-context_en-us.js","en-KW":"sp-page-context_en-us.js","en-MK":"sp-page-context_en-us.js","en-MT":"sp-page-context_en-us.js","en-PK":"sp-page-context_en-us.js","en-QA":"sp-page-context_en-us.js","en-SA":"sp-page-context_en-us.js","en-LK":"sp-page-context_en-us.js","en-AE":"sp-page-context_en-us.js","en-VN":"sp-page-context_en-us.js","is":"sp-page-context_en-us.js","km":"sp-page-context_en-us.js","kh":"sp-page-context_en-us.js","mt":"sp-page-context_en-us.js","fa":"sp-page-context_en-us.js","gd":"sp-page-context_en-us.js","sr-Cyrl-BA":"sp-page-context_en-us.js","sr-Latn-BA":"sp-page-context_en-us.js","sd":"sp-page-context_en-us.js","si":"sp-page-context_en-us.js","so":"sp-page-context_en-us.js","ti-ET":"sp-page-context_en-us.js","uz":"sp-page-context_en-us.js","en-SG":"sp-page-context_en-us.js","en-HK":"sp-page-context_en-us.js","en-MY":"sp-page-context_en-us.js","en-PH":"sp-page-context_en-us.js","en-TT":"sp-page-context_en-us.js","en-AZ":"sp-page-context_en-us.js","en-BH":"sp-page-context_en-us.js","en-BN":"sp-page-context_en-us.js","en-ID":"sp-page-context_en-us.js","mi":"sp-page-context_en-us.js"},"defaultPath":"sp-page-context_default.js"},"@microsoft/sp-dynamic-data":{"type":"component","id":"e40f8203-b39d-425a-a957-714852e33b79","version":"1.12.1"},"@microsoft/sp-core-library":{"type":"component","id":"7263c7d0-1d6a-45ec-8d85-d4d1d234171b","version":"1.12.1"},"@microsoft/sp-diagnostics":{"type":"component","id":"78359e4b-07c2-43c6-8d0b-d060b4d577e8","version":"1.12.1"}}}},{"id":"467dc675-7cc5-4709-8aac-78e3b71bd2f6","alias":"SPComponentBase","componentType":"Library","version":"1.12.1","manifestVersion":2,"loaderConfig":{"internalModuleBaseUrls":["https://localhost:4321/node_modules/@microsoft/sp-component-base/dist/","https://localhost:4321/dist/"],"entryModuleId":"sp-component-base","scriptResources":{"sp-component-base":{"type":"localizedPath","paths":{"default":"sp-component-base_default.js","en-US":"sp-component-base_en-us.js","qps-ploca":"sp-component-base_qps-ploca.js","qps-ploc":"sp-component-base_qps-ploc.js","en-GB":"sp-component-base_en-us.js","en-NZ":"sp-component-base_en-us.js","en-IE":"sp-component-base_en-us.js","en-AU":"sp-component-base_en-us.js","bn":"sp-component-base_en-us.js","chr":"sp-component-base_en-us.js","dv":"sp-component-base_en-us.js","div":"sp-component-base_en-us.js","en":"sp-component-base_en-us.js","fil":"sp-component-base_en-us.js","haw":"sp-component-base_en-us.js","iu":"sp-component-base_en-us.js","lo":"sp-component-base_en-us.js","moh":"sp-component-base_en-us.js","sq":"sp-component-base_en-us.js","am":"sp-component-base_en-us.js","hy":"sp-component-base_en-us.js","mk":"sp-component-base_en-us.js","bs":"sp-component-base_en-us.js","my":"sp-component-base_en-us.js","dz":"sp-component-base_en-us.js","en-CY":"sp-component-base_en-us.js","en-EG":"sp-component-base_en-us.js","en-IL":"sp-component-base_en-us.js","en-IS":"sp-component-base_en-us.js","en-JO":"sp-component-base_en-us.js","en-KE":"sp-component-base_en-us.js","en-KW":"sp-component-base_en-us.js","en-MK":"sp-component-base_en-us.js","en-MT":"sp-component-base_en-us.js","en-PK":"sp-component-base_en-us.js","en-QA":"sp-component-base_en-us.js","en-SA":"sp-component-base_en-us.js","en-LK":"sp-component-base_en-us.js","en-AE":"sp-component-base_en-us.js","en-VN":"sp-component-base_en-us.js","is":"sp-component-base_en-us.js","km":"sp-component-base_en-us.js","kh":"sp-component-base_en-us.js","mt":"sp-component-base_en-us.js","fa":"sp-component-base_en-us.js","gd":"sp-component-base_en-us.js","sr-Cyrl-BA":"sp-component-base_en-us.js","sr-Latn-BA":"sp-component-base_en-us.js","sd":"sp-component-base_en-us.js","si":"sp-component-base_en-us.js","so":"sp-component-base_en-us.js","ti-ET":"sp-component-base_en-us.js","uz":"sp-component-base_en-us.js","en-SG":"sp-component-base_en-us.js","en-HK":"sp-component-base_en-us.js","en-MY":"sp-component-base_en-us.js","en-PH":"sp-component-base_en-us.js","en-TT":"sp-component-base_en-us.js","en-AZ":"sp-component-base_en-us.js","en-BH":"sp-component-base_en-us.js","en-BN":"sp-component-base_en-us.js","en-ID":"sp-component-base_en-us.js","mi":"sp-component-base_en-us.js"},"defaultPath":"sp-component-base_default.js"},"tslib":{"type":"component","id":"01c4df03-e775-48cb-aa14-171ee5199a15","version":"1.10.0"},"@microsoft/sp-dynamic-data":{"type":"component","id":"e40f8203-b39d-425a-a957-714852e33b79","version":"1.12.1"},"@microsoft/sp-lodash-subset":{"type":"component","id":"73e1dc6c-8441-42cc-ad47-4bd3659f8a3a","version":"1.12.1"},"@microsoft/sp-core-library":{"type":"component","id":"7263c7d0-1d6a-45ec-8d85-d4d1d234171b","version":"1.12.1"},"@microsoft/sp-page-context":{"type":"component","id":"1c4541f7-5c31-41aa-9fa8-fbc9dc14c0a8","version":"1.12.1"},"@microsoft/load-themed-styles":{"type":"component","id":"229b8d08-79f3-438b-8c21-4613fc877abd","version":"0.1.2"},"@microsoft/sp-diagnostics":{"type":"component","id":"78359e4b-07c2-43c6-8d0b-d060b4d577e8","version":"1.12.1"},"@microsoft/sp-http":{"type":"component","id":"c07208f0-ea3b-4c1a-9965-ac1b825211a6","version":"1.12.1"}}}},{"id":"1c6c9123-7aac-41f3-a376-3caea41ed83f","alias":"SPLoader","componentType":"Library","version":"1.12.1","manifestVersion":2,"loaderConfig":{"internalModuleBaseUrls":["https://localhost:4321/node_modules/@microsoft/sp-loader/dist/","https://localhost:54321/dist/"],"entryModuleId":"sp-loader","scriptResources":{"sp-loader":{"type":"localizedPath","paths":{"default":"sp-loader_default.js","en-US":"sp-loader_en-us.js","qps-ploca":"sp-loader_qps-ploca.js","qps-ploc":"sp-loader_qps-ploc.js","en-GB":"sp-loader_en-us.js","en-NZ":"sp-loader_en-us.js","en-IE":"sp-loader_en-us.js","en-AU":"sp-loader_en-us.js","bn":"sp-loader_en-us.js","chr":"sp-loader_en-us.js","dv":"sp-loader_en-us.js","div":"sp-loader_en-us.js","en":"sp-loader_en-us.js","fil":"sp-loader_en-us.js","haw":"sp-loader_en-us.js","iu":"sp-loader_en-us.js","lo":"sp-loader_en-us.js","moh":"sp-loader_en-us.js","sq":"sp-loader_en-us.js","am":"sp-loader_en-us.js","hy":"sp-loader_en-us.js","mk":"sp-loader_en-us.js","bs":"sp-loader_en-us.js","my":"sp-loader_en-us.js","dz":"sp-loader_en-us.js","en-CY":"sp-loader_en-us.js","en-EG":"sp-loader_en-us.js","en-IL":"sp-loader_en-us.js","en-IS":"sp-loader_en-us.js","en-JO":"sp-loader_en-us.js","en-KE":"sp-loader_en-us.js","en-KW":"sp-loader_en-us.js","en-MK":"sp-loader_en-us.js","en-MT":"sp-loader_en-us.js","en-PK":"sp-loader_en-us.js","en-QA":"sp-loader_en-us.js","en-SA":"sp-loader_en-us.js","en-LK":"sp-loader_en-us.js","en-AE":"sp-loader_en-us.js","en-VN":"sp-loader_en-us.js","is":"sp-loader_en-us.js","km":"sp-loader_en-us.js","kh":"sp-loader_en-us.js","mt":"sp-loader_en-us.js","fa":"sp-loader_en-us.js","gd":"sp-loader_en-us.js","sr-Cyrl-BA":"sp-loader_en-us.js","sr-Latn-BA":"sp-loader_en-us.js","sd":"sp-loader_en-us.js","si":"sp-loader_en-us.js","so":"sp-loader_en-us.js","ti-ET":"sp-loader_en-us.js","uz":"sp-loader_en-us.js","en-SG":"sp-loader_en-us.js","en-HK":"sp-loader_en-us.js","en-MY":"sp-loader_en-us.js","en-PH":"sp-loader_en-us.js","en-TT":"sp-loader_en-us.js","en-AZ":"sp-loader_en-us.js","en-BH":"sp-loader_en-us.js","en-BN":"sp-loader_en-us.js","en-ID":"sp-loader_en-us.js","mi":"sp-loader_en-us.js"},"defaultPath":"sp-loader_default.js"},"@ms/sp-telemetry":{"type":"component","id":"8217e442-8ed3-41fd-957d-b112e841286a","version":"0.19.2"},"@microsoft/sp-dynamic-data":{"type":"component","id":"e40f8203-b39d-425a-a957-714852e33b79","version":"1.12.1"},"@microsoft/sp-lodash-subset":{"type":"component","id":"73e1dc6c-8441-42cc-ad47-4bd3659f8a3a","version":"1.12.1"},"@microsoft/sp-core-library":{"type":"component","id":"7263c7d0-1d6a-45ec-8d85-d4d1d234171b","version":"1.12.1"},"@microsoft/sp-page-context":{"type":"component","id":"1c4541f7-5c31-41aa-9fa8-fbc9dc14c0a8","version":"1.12.1"},"@microsoft/load-themed-styles":{"type":"component","id":"229b8d08-79f3-438b-8c21-4613fc877abd","version":"0.1.2"},"@microsoft/sp-diagnostics":{"type":"component","id":"78359e4b-07c2-43c6-8d0b-d060b4d577e8","version":"1.12.1"},"@microsoft/sp-http":{"type":"component","id":"c07208f0-ea3b-4c1a-9965-ac1b825211a6","version":"1.12.1"}}}},{"manifestVersion":2,"componentType":"Library","id":"44bae1a2-d2eb-4e10-8c21-a1dbdce1036f","alias":"sp-loader-assembly","isInternal":true,"version":"1.0.0","rootComponentId":"1c6c9123-7aac-41f3-a376-3caea41ed83f","requiresCustomScript":false,"loaderConfig":{"internalModuleBaseUrls":["https://localhost:4321/node_modules/@microsoft/sp-loader/dist/"],"entryModuleId":"sp-loader-assembly","scriptResources":{"sp-loader-assembly":{"type":"localizedPath","paths":{"default":"sp-loader-assembly_default.js","en-US":"sp-loader-assembly_en-us.js","qps-ploca":"sp-loader-assembly_qps-ploca.js","qps-ploc":"sp-loader-assembly_qps-ploc.js","en-GB":"sp-loader-assembly_en-us.js","en-NZ":"sp-loader-assembly_en-us.js","en-IE":"sp-loader-assembly_en-us.js","en-AU":"sp-loader-assembly_en-us.js","bn":"sp-loader-assembly_en-us.js","chr":"sp-loader-assembly_en-us.js","dv":"sp-loader-assembly_en-us.js","div":"sp-loader-assembly_en-us.js","en":"sp-loader-assembly_en-us.js","fil":"sp-loader-assembly_en-us.js","haw":"sp-loader-assembly_en-us.js","iu":"sp-loader-assembly_en-us.js","lo":"sp-loader-assembly_en-us.js","moh":"sp-loader-assembly_en-us.js","sq":"sp-loader-assembly_en-us.js","am":"sp-loader-assembly_en-us.js","hy":"sp-loader-assembly_en-us.js","mk":"sp-loader-assembly_en-us.js","bs":"sp-loader-assembly_en-us.js","my":"sp-loader-assembly_en-us.js","dz":"sp-loader-assembly_en-us.js","en-CY":"sp-loader-assembly_en-us.js","en-EG":"sp-loader-assembly_en-us.js","en-IL":"sp-loader-assembly_en-us.js","en-IS":"sp-loader-assembly_en-us.js","en-JO":"sp-loader-assembly_en-us.js","en-KE":"sp-loader-assembly_en-us.js","en-KW":"sp-loader-assembly_en-us.js","en-MK":"sp-loader-assembly_en-us.js","en-MT":"sp-loader-assembly_en-us.js","en-PK":"sp-loader-assembly_en-us.js","en-QA":"sp-loader-assembly_en-us.js","en-SA":"sp-loader-assembly_en-us.js","en-LK":"sp-loader-assembly_en-us.js","en-AE":"sp-loader-assembly_en-us.js","en-VN":"sp-loader-assembly_en-us.js","is":"sp-loader-assembly_en-us.js","km":"sp-loader-assembly_en-us.js","kh":"sp-loader-assembly_en-us.js","mt":"sp-loader-assembly_en-us.js","fa":"sp-loader-assembly_en-us.js","gd":"sp-loader-assembly_en-us.js","sr-Cyrl-BA":"sp-loader-assembly_en-us.js","sr-Latn-BA":"sp-loader-assembly_en-us.js","sd":"sp-loader-assembly_en-us.js","si":"sp-loader-assembly_en-us.js","so":"sp-loader-assembly_en-us.js","ti-ET":"sp-loader-assembly_en-us.js","uz":"sp-loader-assembly_en-us.js","en-SG":"sp-loader-assembly_en-us.js","en-HK":"sp-loader-assembly_en-us.js","en-MY":"sp-loader-assembly_en-us.js","en-PH":"sp-loader-assembly_en-us.js","en-TT":"sp-loader-assembly_en-us.js","en-AZ":"sp-loader-assembly_en-us.js","en-BH":"sp-loader-assembly_en-us.js","en-BN":"sp-loader-assembly_en-us.js","en-ID":"sp-loader-assembly_en-us.js","mi":"sp-loader-assembly_en-us.js"},"defaultPath":"sp-loader-assembly_default.js"}}}},{"id":"f9e737b7-f0df-4597-ba8c-3060f82380db","alias":"SPPropertyPane","componentType":"Library","version":"1.12.1","manifestVersion":2,"loaderConfig":{"internalModuleBaseUrls":["https://localhost:4321/node_modules/@microsoft/sp-property-pane/dist/","https://localhost:4321/dist/"],"entryModuleId":"sp-property-pane","scriptResources":{"sp-property-pane":{"type":"localizedPath","paths":{"default":"sp-property-pane_default.js","en-US":"sp-property-pane_en-us.js","qps-ploca":"sp-property-pane_qps-ploca.js","qps-ploc":"sp-property-pane_qps-ploc.js","en-GB":"sp-property-pane_en-us.js","en-NZ":"sp-property-pane_en-us.js","en-IE":"sp-property-pane_en-us.js","en-AU":"sp-property-pane_en-us.js","bn":"sp-property-pane_en-us.js","chr":"sp-property-pane_en-us.js","dv":"sp-property-pane_en-us.js","div":"sp-property-pane_en-us.js","en":"sp-property-pane_en-us.js","fil":"sp-property-pane_en-us.js","haw":"sp-property-pane_en-us.js","iu":"sp-property-pane_en-us.js","lo":"sp-property-pane_en-us.js","moh":"sp-property-pane_en-us.js","sq":"sp-property-pane_en-us.js","am":"sp-property-pane_en-us.js","hy":"sp-property-pane_en-us.js","mk":"sp-property-pane_en-us.js","bs":"sp-property-pane_en-us.js","my":"sp-property-pane_en-us.js","dz":"sp-property-pane_en-us.js","en-CY":"sp-property-pane_en-us.js","en-EG":"sp-property-pane_en-us.js","en-IL":"sp-property-pane_en-us.js","en-IS":"sp-property-pane_en-us.js","en-JO":"sp-property-pane_en-us.js","en-KE":"sp-property-pane_en-us.js","en-KW":"sp-property-pane_en-us.js","en-MK":"sp-property-pane_en-us.js","en-MT":"sp-property-pane_en-us.js","en-PK":"sp-property-pane_en-us.js","en-QA":"sp-property-pane_en-us.js","en-SA":"sp-property-pane_en-us.js","en-LK":"sp-property-pane_en-us.js","en-AE":"sp-property-pane_en-us.js","en-VN":"sp-property-pane_en-us.js","is":"sp-property-pane_en-us.js","km":"sp-property-pane_en-us.js","kh":"sp-property-pane_en-us.js","mt":"sp-property-pane_en-us.js","fa":"sp-property-pane_en-us.js","gd":"sp-property-pane_en-us.js","sr-Cyrl-BA":"sp-property-pane_en-us.js","sr-Latn-BA":"sp-property-pane_en-us.js","sd":"sp-property-pane_en-us.js","si":"sp-property-pane_en-us.js","so":"sp-property-pane_en-us.js","ti-ET":"sp-property-pane_en-us.js","uz":"sp-property-pane_en-us.js","en-SG":"sp-property-pane_en-us.js","en-HK":"sp-property-pane_en-us.js","en-MY":"sp-property-pane_en-us.js","en-PH":"sp-property-pane_en-us.js","en-TT":"sp-property-pane_en-us.js","en-AZ":"sp-property-pane_en-us.js","en-BH":"sp-property-pane_en-us.js","en-BN":"sp-property-pane_en-us.js","en-ID":"sp-property-pane_en-us.js","mi":"sp-property-pane_en-us.js"},"defaultPath":"sp-property-pane_default.js"},"@microsoft/sp-loader":{"type":"component","id":"1c6c9123-7aac-41f3-a376-3caea41ed83f","version":"1.12.1"},"@microsoft/sp-core-library":{"type":"component","id":"7263c7d0-1d6a-45ec-8d85-d4d1d234171b","version":"1.12.1"},"react":{"type":"component","id":"0d910c1c-13b9-4e1c-9aa4-b008c5e42d7d","version":"16.9.0"},"react-dom":{"type":"component","id":"aa0a46ec-1505-43cd-a44a-93f3a5aa460a","version":"16.9.0"},"@microsoft/load-themed-styles":{"type":"component","id":"229b8d08-79f3-438b-8c21-4613fc877abd","version":"0.1.2"},"@microsoft/sp-diagnostics":{"type":"component","id":"78359e4b-07c2-43c6-8d0b-d060b4d577e8","version":"1.12.1"}}}},{"id":"974a7777-0990-4136-8fa6-95d80114c2e0","alias":"SPWebPartBase","componentType":"Library","version":"1.12.1","manifestVersion":2,"preloadComponents":["f9e737b7-f0df-4597-ba8c-3060f82380db"],"loaderConfig":{"internalModuleBaseUrls":["https://localhost:4321/node_modules/@microsoft/sp-webpart-base/dist/","https://localhost:4321/dist/"],"entryModuleId":"sp-webpart-base","scriptResources":{"sp-webpart-base":{"type":"localizedPath","paths":{"default":"sp-webpart-base_default.js","en-US":"sp-webpart-base_en-us.js","qps-ploca":"sp-webpart-base_qps-ploca.js","qps-ploc":"sp-webpart-base_qps-ploc.js","en-GB":"sp-webpart-base_en-us.js","en-NZ":"sp-webpart-base_en-us.js","en-IE":"sp-webpart-base_en-us.js","en-AU":"sp-webpart-base_en-us.js","bn":"sp-webpart-base_en-us.js","chr":"sp-webpart-base_en-us.js","dv":"sp-webpart-base_en-us.js","div":"sp-webpart-base_en-us.js","en":"sp-webpart-base_en-us.js","fil":"sp-webpart-base_en-us.js","haw":"sp-webpart-base_en-us.js","iu":"sp-webpart-base_en-us.js","lo":"sp-webpart-base_en-us.js","moh":"sp-webpart-base_en-us.js","sq":"sp-webpart-base_en-us.js","am":"sp-webpart-base_en-us.js","hy":"sp-webpart-base_en-us.js","mk":"sp-webpart-base_en-us.js","bs":"sp-webpart-base_en-us.js","my":"sp-webpart-base_en-us.js","dz":"sp-webpart-base_en-us.js","en-CY":"sp-webpart-base_en-us.js","en-EG":"sp-webpart-base_en-us.js","en-IL":"sp-webpart-base_en-us.js","en-IS":"sp-webpart-base_en-us.js","en-JO":"sp-webpart-base_en-us.js","en-KE":"sp-webpart-base_en-us.js","en-KW":"sp-webpart-base_en-us.js","en-MK":"sp-webpart-base_en-us.js","en-MT":"sp-webpart-base_en-us.js","en-PK":"sp-webpart-base_en-us.js","en-QA":"sp-webpart-base_en-us.js","en-SA":"sp-webpart-base_en-us.js","en-LK":"sp-webpart-base_en-us.js","en-AE":"sp-webpart-base_en-us.js","en-VN":"sp-webpart-base_en-us.js","is":"sp-webpart-base_en-us.js","km":"sp-webpart-base_en-us.js","kh":"sp-webpart-base_en-us.js","mt":"sp-webpart-base_en-us.js","fa":"sp-webpart-base_en-us.js","gd":"sp-webpart-base_en-us.js","sr-Cyrl-BA":"sp-webpart-base_en-us.js","sr-Latn-BA":"sp-webpart-base_en-us.js","sd":"sp-webpart-base_en-us.js","si":"sp-webpart-base_en-us.js","so":"sp-webpart-base_en-us.js","ti-ET":"sp-webpart-base_en-us.js","uz":"sp-webpart-base_en-us.js","en-SG":"sp-webpart-base_en-us.js","en-HK":"sp-webpart-base_en-us.js","en-MY":"sp-webpart-base_en-us.js","en-PH":"sp-webpart-base_en-us.js","en-TT":"sp-webpart-base_en-us.js","en-AZ":"sp-webpart-base_en-us.js","en-BH":"sp-webpart-base_en-us.js","en-BN":"sp-webpart-base_en-us.js","en-ID":"sp-webpart-base_en-us.js","mi":"sp-webpart-base_en-us.js"},"defaultPath":"sp-webpart-base_default.js"},"tslib":{"type":"component","id":"01c4df03-e775-48cb-aa14-171ee5199a15","version":"1.10.0"},"@ms/sp-telemetry":{"type":"component","id":"8217e442-8ed3-41fd-957d-b112e841286a","version":"0.19.2"},"@microsoft/sp-component-base":{"type":"component","id":"467dc675-7cc5-4709-8aac-78e3b71bd2f6","version":"1.12.1"},"@microsoft/sp-loader":{"type":"component","id":"1c6c9123-7aac-41f3-a376-3caea41ed83f","version":"1.12.1"},"@microsoft/sp-lodash-subset":{"type":"component","id":"73e1dc6c-8441-42cc-ad47-4bd3659f8a3a","version":"1.12.1"},"@microsoft/sp-core-library":{"type":"component","id":"7263c7d0-1d6a-45ec-8d85-d4d1d234171b","version":"1.12.1"},"@microsoft/sp-page-context":{"type":"component","id":"1c4541f7-5c31-41aa-9fa8-fbc9dc14c0a8","version":"1.12.1"},"@microsoft/load-themed-styles":{"type":"component","id":"229b8d08-79f3-438b-8c21-4613fc877abd","version":"0.1.2"},"@microsoft/sp-diagnostics":{"type":"component","id":"78359e4b-07c2-43c6-8d0b-d060b4d577e8","version":"1.12.1"},"@microsoft/sp-http":{"type":"component","id":"c07208f0-ea3b-4c1a-9965-ac1b825211a6","version":"1.12.1"}}}},{"id":"53e2833f-bc97-4a07-9d84-57bafc2f5e79","alias":"NewFormsWebPart","componentType":"WebPart","version":"0.0.1","manifestVersion":2,"requiresCustomScript":false,"supportedHosts":["SharePointWebPart"],"preconfiguredEntries":[{"groupId":"5c03119e-3074-46fd-976b-c60198311f70","group":{"default":"Other"},"title":{"default":"NewForms"},"description":{"default":"NewForms description"},"officeFabricIconFontName":"Page","properties":{"description":"NewForms"}}],"loaderConfig":{"internalModuleBaseUrls":["https://localhost:4321/dist/"],"entryModuleId":"new-forms-web-part","scriptResources":{"new-forms-web-part":{"type":"path","path":"new-forms-web-part_eef18af4f3e019f7943c.js"},"@microsoft/sp-property-pane":{"type":"component","id":"f9e737b7-f0df-4597-ba8c-3060f82380db","version":"1.12.1"},"NewFormsWebPartStrings":{"type":"path","path":"NewFormsWebPartStrings_en-us_536e65149b0acf4d52c0043073b9fc59.js"},"@microsoft/sp-loader":{"type":"component","id":"1c6c9123-7aac-41f3-a376-3caea41ed83f","version":"1.12.1"},"@microsoft/sp-core-library":{"type":"component","id":"7263c7d0-1d6a-45ec-8d85-d4d1d234171b","version":"1.12.1"},"@microsoft/sp-webpart-base":{"type":"component","id":"974a7777-0990-4136-8fa6-95d80114c2e0","version":"1.12.1"},"react":{"type":"component","id":"0d910c1c-13b9-4e1c-9aa4-b008c5e42d7d","version":"16.9.0"},"react-dom":{"type":"component","id":"aa0a46ec-1505-43cd-a44a-93f3a5aa460a","version":"16.9.0"}}}},{"id":"18199bf3-60e5-4f26-91c5-1709e3e1fed8","alias":"UserguidenewformWebPart","componentType":"WebPart","version":"0.0.1","manifestVersion":2,"requiresCustomScript":false,"supportedHosts":["SharePointWebPart"],"preconfiguredEntries":[{"groupId":"5c03119e-3074-46fd-976b-c60198311f70","group":{"default":"Other"},"title":{"default":"Userguidenewform"},"description":{"default":"Userguidenewform description"},"officeFabricIconFontName":"Page","properties":{"description":"Userguidenewform"}}],"loaderConfig":{"internalModuleBaseUrls":["https://localhost:4321/dist/"],"entryModuleId":"userguidenewform-web-part","scriptResources":{"userguidenewform-web-part":{"type":"path","path":"userguidenewform-web-part_28a9b3f2f7276f1a78ea.js"},"@microsoft/sp-property-pane":{"type":"component","id":"f9e737b7-f0df-4597-ba8c-3060f82380db","version":"1.12.1"},"UserguidenewformWebPartStrings":{"type":"path","path":"UserguidenewformWebPartStrings_en-us_536e65149b0acf4d52c0043073b9fc59.js"},"@microsoft/sp-loader":{"type":"component","id":"1c6c9123-7aac-41f3-a376-3caea41ed83f","version":"1.12.1"},"@microsoft/sp-core-library":{"type":"component","id":"7263c7d0-1d6a-45ec-8d85-d4d1d234171b","version":"1.12.1"},"@microsoft/sp-webpart-base":{"type":"component","id":"974a7777-0990-4136-8fa6-95d80114c2e0","version":"1.12.1"},"react":{"type":"component","id":"0d910c1c-13b9-4e1c-9aa4-b008c5e42d7d","version":"16.9.0"},"react-dom":{"type":"component","id":"aa0a46ec-1505-43cd-a44a-93f3a5aa460a","version":"16.9.0"}}}}]