[{"id":"73e1dc6c-8441-42cc-ad47-4bd3659f8a3a","alias":"SPLodashSubset","componentType":"Library","version":"1.12.1","manifestVersion":2,"loaderConfig":{"internalModuleBaseUrls":["https://localhost:4321/node_modules/@microsoft/sp-lodash-subset/dist/"],"entryModuleId":"sp-lodash-subset","scriptResources":{"sp-lodash-subset":{"type":"path","path":"sp-lodash-subset_f27338a6e8aa6a7ceda8.js"}}}},{"id":"7263c7d0-1d6a-45ec-8d85-d4d1d234171b","alias":"SPCoreLibrary","componentType":"Library","version":"1.12.1","manifestVersion":2,"loaderConfig":{"internalModuleBaseUrls":["https://localhost:4321/node_modules/@microsoft/sp-core-library/dist/","https://localhost:4321/dist/"],"entryModuleId":"sp-core-library","scriptResources":{"sp-core-library":{"type":"localizedPath","paths":{"default":"sp-core-library_default.js","en-US":"sp-core-library_en-us.js","qps-ploca":"sp-core-library_qps-ploca.js","qps-ploc":"sp-core-library_qps-ploc.js","en-GB":"sp-core-library_en-us.js","en-NZ":"sp-core-library_en-us.js","en-IE":"sp-core-library_en-us.js","en-AU":"sp-core-library_en-us.js","bn":"sp-core-library_en-us.js","chr":"sp-core-library_en-us.js","dv":"sp-core-library_en-us.js","div":"sp-core-library_en-us.js","en":"sp-core-library_en-us.js","fil":"sp-core-library_en-us.js","haw":"sp-core-library_en-us.js","iu":"sp-core-library_en-us.js","lo":"sp-core-library_en-us.js","moh":"sp-core-library_en-us.js","sq":"sp-core-library_en-us.js","am":"sp-core-library_en-us.js","hy":"sp-core-library_en-us.js","mk":"sp-core-library_en-us.js","bs":"sp-core-library_en-us.js","my":"sp-core-library_en-us.js","dz":"sp-core-library_en-us.js","en-CY":"sp-core-library_en-us.js","en-EG":"sp-core-library_en-us.js","en-IL":"sp-core-library_en-us.js","en-IS":"sp-core-library_en-us.js","en-JO":"sp-core-library_en-us.js","en-KE":"sp-core-library_en-us.js","en-KW":"sp-core-library_en-us.js","en-MK":"sp-core-library_en-us.js","en-MT":"sp-core-library_en-us.js","en-PK":"sp-core-library_en-us.js","en-QA":"sp-core-library_en-us.js","en-SA":"sp-core-library_en-us.js","en-LK":"sp-core-library_en-us.js","en-AE":"sp-core-library_en-us.js","en-VN":"sp-core-library_en-us.js","is":"sp-core-library_en-us.js","km":"sp-core-library_en-us.js","kh":"sp-core-library_en-us.js","mt":"sp-core-library_en-us.js","fa":"sp-core-library_en-us.js","gd":"sp-core-library_en-us.js","sr-Cyrl-BA":"sp-core-library_en-us.js","sr-Latn-BA":"sp-core-library_en-us.js","sd":"sp-core-library_en-us.js","si":"sp-core-library_en-us.js","so":"sp-core-library_en-us.js","ti-ET":"sp-core-library_en-us.js","uz":"sp-core-library_en-us.js","en-SG":"sp-core-library_en-us.js","en-HK":"sp-core-library_en-us.js","en-MY":"sp-core-library_en-us.js","en-PH":"sp-core-library_en-us.js","en-TT":"sp-core-library_en-us.js","en-AZ":"sp-core-library_en-us.js","en-BH":"sp-core-library_en-us.js","en-BN":"sp-core-library_en-us.js","en-ID":"sp-core-library_en-us.js","mi":"sp-core-library_en-us.js"},"defaultPath":"sp-core-library_default.js"},"tslib":{"type":"component","id":"01c4df03-e775-48cb-aa14-171ee5199a15","version":"1.10.0"},"@ms/odsp-core-bundle":{"type":"component","id":"2e09fb9b-13bb-48f2-859f-97d6fff71176","version":"1.1.13"},"@microsoft/sp-lodash-subset":{"type":"component","id":"73e1dc6c-8441-42cc-ad47-4bd3659f8a3a","version":"1.12.1"}}}},{"id":"29bd516f-4ece-40b7-8028-597cbc65a223","alias":"SpOfficeUIFabricCore","componentType":"Library","version":"1.12.1","manifestVersion":2,"loaderConfig":{"internalModuleBaseUrls":["https://localhost:4321/node_modules/@microsoft/sp-office-ui-fabric-core/dist/","http://localhost:4321/dist/"],"entryModuleId":"office-ui-fabric-core","scriptResources":{"office-ui-fabric-core":{"type":"path","path":"office-ui-fabric-core_none.js"},"@microsoft/load-themed-styles":{"type":"component","id":"229b8d08-79f3-438b-8c21-4613fc877abd","version":"0.1.2"}}}},{"id":"02a01e42-69ab-403d-8a16-acd128661f8e","alias":"OfficeUIFabricReact","componentType":"Library","version":"1.12.1","manifestVersion":2,"loaderConfig":{"internalModuleBaseUrls":["https://localhost:4321/node_modules/@microsoft/office-ui-fabric-react-bundle/dist/","https://localhost:4321/dist/"],"entryModuleId":"office-ui-fabric-react-bundle","scriptResources":{"office-ui-fabric-react-bundle":{"type":"path","path":"office-ui-fabric-react-bundle_none.js"},"tslib":{"type":"component","id":"01c4df03-e775-48cb-aa14-171ee5199a15","version":"1.10.0"},"react":{"type":"component","id":"0d910c1c-13b9-4e1c-9aa4-b008c5e42d7d","version":"16.9.0"},"react-dom":{"type":"component","id":"aa0a46ec-1505-43cd-a44a-93f3a5aa460a","version":"16.9.0"},"@ms/uifabric-styling-bundle":{"type":"component","id":"17ce0976-e69a-4355-be84-89b69a74717d","version":"0.1.0"}}}},{"manifestVersion":2,"id":"78359e4b-07c2-43c6-8d0b-d060b4d577e8","alias":"SPDiagnostics","componentType":"Library","version":"1.12.1","loaderConfig":{"internalModuleBaseUrls":["https://localhost:4321/node_modules/@microsoft/sp-diagnostics/dist/","https://localhost:4321/dist/"],"entryModuleId":"sp-diagnostics","scriptResources":{"sp-diagnostics":{"type":"path","path":"sp-diagnostics_none.js"},"@microsoft/sp-lodash-subset":{"type":"component","id":"73e1dc6c-8441-42cc-ad47-4bd3659f8a3a","version":"1.12.1"},"@microsoft/sp-core-library":{"type":"component","id":"7263c7d0-1d6a-45ec-8d85-d4d1d234171b","version":"1.12.1"}}}},{"manifestVersion":2,"id":"e40f8203-b39d-425a-a957-714852e33b79","alias":"SPDynamicData","componentType":"Library","version":"1.12.1","loaderConfig":{"internalModuleBaseUrls":["https://localhost:4321/node_modules/@microsoft/sp-dynamic-data/dist/","https://localhost:4321/dist/"],"entryModuleId":"sp-dynamic-data","scriptResources":{"sp-dynamic-data":{"type":"localizedPath","paths":{"default":"sp-dynamic-data_default.js","en-US":"sp-dynamic-data_en-us.js","qps-ploca":"sp-dynamic-data_qps-ploca.js","qps-ploc":"sp-dynamic-data_qps-ploc.js","en-GB":"sp-dynamic-data_en-us.js","en-NZ":"sp-dynamic-data_en-us.js","en-IE":"sp-dynamic-data_en-us.js","en-AU":"sp-dynamic-data_en-us.js","bn":"sp-dynamic-data_en-us.js","chr":"sp-dynamic-data_en-us.js","dv":"sp-dynamic-data_en-us.js","div":"sp-dynamic-data_en-us.js","en":"sp-dynamic-data_en-us.js","fil":"sp-dynamic-data_en-us.js","haw":"sp-dynamic-data_en-us.js","iu":"sp-dynamic-data_en-us.js","lo":"sp-dynamic-data_en-us.js","moh":"sp-dynamic-data_en-us.js","sq":"sp-dynamic-data_en-us.js","am":"sp-dynamic-data_en-us.js","hy":"sp-dynamic-data_en-us.js","mk":"sp-dynamic-data_en-us.js","bs":"sp-dynamic-data_en-us.js","my":"sp-dynamic-data_en-us.js","dz":"sp-dynamic-data_en-us.js","en-CY":"sp-dynamic-data_en-us.js","en-EG":"sp-dynamic-data_en-us.js","en-IL":"sp-dynamic-data_en-us.js","en-IS":"sp-dynamic-data_en-us.js","en-JO":"sp-dynamic-data_en-us.js","en-KE":"sp-dynamic-data_en-us.js","en-KW":"sp-dynamic-data_en-us.js","en-MK":"sp-dynamic-data_en-us.js","en-MT":"sp-dynamic-data_en-us.js","en-PK":"sp-dynamic-data_en-us.js","en-QA":"sp-dynamic-data_en-us.js","en-SA":"sp-dynamic-data_en-us.js","en-LK":"sp-dynamic-data_en-us.js","en-AE":"sp-dynamic-data_en-us.js","en-VN":"sp-dynamic-data_en-us.js","is":"sp-dynamic-data_en-us.js","km":"sp-dynamic-data_en-us.js","kh":"sp-dynamic-data_en-us.js","mt":"sp-dynamic-data_en-us.js","fa":"sp-dynamic-data_en-us.js","gd":"sp-dynamic-data_en-us.js","sr-Cyrl-BA":"sp-dynamic-data_en-us.js","sr-Latn-BA":"sp-dynamic-data_en-us.js","sd":"sp-dynamic-data_en-us.js","si":"sp-dynamic-data_en-us.js","so":"sp-dynamic-data_en-us.js","ti-ET":"sp-dynamic-data_en-us.js","uz":"sp-dynamic-data_en-us.js","en-SG":"sp-dynamic-data_en-us.js","en-HK":"sp-dynamic-data_en-us.js","en-MY":"sp-dynamic-data_en-us.js","en-PH":"sp-dynamic-data_en-us.js","en-TT":"sp-dynamic-data_en-us.js","en-AZ":"sp-dynamic-data_en-us.js","en-BH":"sp-dynamic-data_en-us.js","en-BN":"sp-dynamic-data_en-us.js","en-ID":"sp-dynamic-data_en-us.js","mi":"sp-dynamic-data_en-us.js"},"defaultPath":"sp-dynamic-data_default.js"},"@microsoft/sp-lodash-subset":{"type":"component","id":"73e1dc6c-8441-42cc-ad47-4bd3659f8a3a","version":"1.12.1"},"@microsoft/sp-core-library":{"type":"component","id":"7263c7d0-1d6a-45ec-8d85-d4d1d234171b","version":"1.12.1"},"@microsoft/sp-diagnostics":{"type":"component","id":"78359e4b-07c2-43c6-8d0b-d060b4d577e8","version":"1.12.1"}}}},{"id":"1e384972-6346-49b4-93c7-b2e6763938e6","alias":"sp-polyfills","componentType":"Library","version":"1.12.1","manifestVersion":2,"loaderConfig":{"internalModuleBaseUrls":["https://localhost:4321/node_modules/@microsoft/sp-polyfills/dist/","http://localhost:4321/dist/"],"entryModuleId":"sp-polyfills","scriptResources":{"sp-polyfills":{"type":"path","path":"sp-polyfills_none.js"}}}},{"id":"c07208f0-ea3b-4c1a-9965-ac1b825211a6","alias":"SPHttp","componentType":"Library","version":"1.12.1","manifestVersion":2,"preloadComponents":[],"loaderConfig":{"internalModuleBaseUrls":["https://localhost:4321/node_modules/@microsoft/sp-http/dist/","https://localhost:4321/dist/"],"entryModuleId":"sp-http","scriptResources":{"sp-http":{"type":"localizedPath","paths":{"default":"sp-http_default.js","en-US":"sp-http_en-us.js","qps-ploca":"sp-http_qps-ploca.js","qps-ploc":"sp-http_qps-ploc.js","en-GB":"sp-http_en-us.js","en-NZ":"sp-http_en-us.js","en-IE":"sp-http_en-us.js","en-AU":"sp-http_en-us.js","bn":"sp-http_en-us.js","chr":"sp-http_en-us.js","dv":"sp-http_en-us.js","div":"sp-http_en-us.js","en":"sp-http_en-us.js","fil":"sp-http_en-us.js","haw":"sp-http_en-us.js","iu":"sp-http_en-us.js","lo":"sp-http_en-us.js","moh":"sp-http_en-us.js","sq":"sp-http_en-us.js","am":"sp-http_en-us.js","hy":"sp-http_en-us.js","mk":"sp-http_en-us.js","bs":"sp-http_en-us.js","my":"sp-http_en-us.js","dz":"sp-http_en-us.js","en-CY":"sp-http_en-us.js","en-EG":"sp-http_en-us.js","en-IL":"sp-http_en-us.js","en-IS":"sp-http_en-us.js","en-JO":"sp-http_en-us.js","en-KE":"sp-http_en-us.js","en-KW":"sp-http_en-us.js","en-MK":"sp-http_en-us.js","en-MT":"sp-http_en-us.js","en-PK":"sp-http_en-us.js","en-QA":"sp-http_en-us.js","en-SA":"sp-http_en-us.js","en-LK":"sp-http_en-us.js","en-AE":"sp-http_en-us.js","en-VN":"sp-http_en-us.js","is":"sp-http_en-us.js","km":"sp-http_en-us.js","kh":"sp-http_en-us.js","mt":"sp-http_en-us.js","fa":"sp-http_en-us.js","gd":"sp-http_en-us.js","sr-Cyrl-BA":"sp-http_en-us.js","sr-Latn-BA":"sp-http_en-us.js","sd":"sp-http_en-us.js","si":"sp-http_en-us.js","so":"sp-http_en-us.js","ti-ET":"sp-http_en-us.js","uz":"sp-http_en-us.js","en-SG":"sp-http_en-us.js","en-HK":"sp-http_en-us.js","en-MY":"sp-http_en-us.js","en-PH":"sp-http_en-us.js","en-TT":"sp-http_en-us.js","en-AZ":"sp-http_en-us.js","en-BH":"sp-http_en-us.js","en-BN":"sp-http_en-us.js","en-ID":"sp-http_en-us.js","mi":"sp-http_en-us.js"},"defaultPath":"sp-http_default.js"},"tslib":{"type":"component","id":"01c4df03-e775-48cb-aa14-171ee5199a15","version":"1.10.0"},"@microsoft/sp-core-library":{"type":"component","id":"7263c7d0-1d6a-45ec-8d85-d4d1d234171b","version":"1.12.1"},"@microsoft/sp-diagnostics":{"type":"component","id":"78359e4b-07c2-43c6-8d0b-d060b4d577e8","version":"1.12.1"}}}},{"id":"1c4541f7-5c31-41aa-9fa8-fbc9dc14c0a8","alias":"SPPageContext","componentType":"Library","version":"1.12.1","manifestVersion":2,"loaderConfig":{"internalModuleBaseUrls":["https://localhost:4321/node_modules/@microsoft/sp-page-context/dist/","https://localhost:4321/dist/"],"entryModuleId":"sp-page-context","scriptResources":{"sp-page-context":{"type":"localizedPath","paths":{"default":"sp-page-context_default.js","en-US":"sp-page-context_en-us.js","qps-ploca":"sp-page-context_qps-ploca.js","qps-ploc":"sp-page-context_qps-ploc.js","en-GB":"sp-page-context_en-us.js","en-NZ":"sp-page-context_en-us.js","en-IE":"sp-page-context_en-us.js","en-AU":"sp-page-context_en-us.js","bn":"sp-page-context_en-us.js","chr":"sp-page-context_en-us.js","dv":"sp-page-context_en-us.js","div":"sp-page-context_en-us.js","en":"sp-page-context_en-us.js","fil":"sp-page-context_en-us.js","haw":"sp-page-context_en-us.js","iu":"sp-page-context_en-us.js","lo":"sp-page-context_en-us.js","moh":"sp-page-context_en-us.js","sq":"sp-page-context_en-us.js","am":"sp-page-context_en-us.js","hy":"sp-page-context_en-us.js","mk":"sp-page-context_en-us.js","bs":"sp-page-context_en-us.js","my":"sp-page-context_en-us.js","dz":"sp-page-context_en-us.js","en-CY":"sp-page-context_en-us.js","en-EG":"sp-page-context_en-us.js","en-IL":"sp-page-context_en-us.js","en-IS":"sp-page-context_en-us.js","en-JO":"sp-page-context_en-us.js","en-KE":"sp-page-context_en-us.js","en-KW":"sp-page-context_en-us.js","en-MK":"sp-page-context_en-us.js","en-MT":"sp-page-context_en-us.js","en-PK":"sp-page-context_en-us.js","en-QA":"sp-page-context_en-us.js","en-SA":"sp-page-context_en-us.js","en-LK":"sp-page-context_en-us.js","en-AE":"sp-page-context_en-us.js","en-VN":"sp-page-context_en-us.js","is":"sp-page-context_en-us.js","km":"sp-page-context_en-us.js","kh":"sp-page-context_en-us.js","mt":"sp-page-context_en-us.js","fa":"sp-page-context_en-us.js","gd":"sp-page-context_en-us.js","sr-Cyrl-BA":"sp-page-context_en-us.js","sr-Latn-BA":"sp-page-context_en-us.js","sd":"sp-page-context_en-us.js","si":"sp-page-context_en-us.js","so":"sp-page-context_en-us.js","ti-ET":"sp-page-context_en-us.js","uz":"sp-page-context_en-us.js","en-SG":"sp-page-context_en-us.js","en-HK":"sp-page-context_en-us.js","en-MY":"sp-page-context_en-us.js","en-PH":"sp-page-context_en-us.js","en-TT":"sp-page-context_en-us.js","en-AZ":"sp-page-context_en-us.js","en-BH":"sp-page-context_en-us.js","en-BN":"sp-page-context_en-us.js","en-ID":"sp-page-context_en-us.js","mi":"sp-page-context_en-us.js"},"defaultPath":"sp-page-context_default.js"},"@microsoft/sp-dynamic-data":{"type":"component","id":"e40f8203-b39d-425a-a957-714852e33b79","version":"1.12.1"},"@microsoft/sp-core-library":{"type":"component","id":"7263c7d0-1d6a-45ec-8d85-d4d1d234171b","version":"1.12.1"},"@microsoft/sp-diagnostics":{"type":"component","id":"78359e4b-07c2-43c6-8d0b-d060b4d577e8","version":"1.12.1"}}}},{"id":"467dc675-7cc5-4709-8aac-78e3b71bd2f6","alias":"SPComponentBase","componentType":"Library","version":"1.12.1","manifestVersion":2,"loaderConfig":{"internalModuleBaseUrls":["https://localhost:4321/node_modules/@microsoft/sp-component-base/dist/","https://localhost:4321/dist/"],"entryModuleId":"sp-component-base","scriptResources":{"sp-component-base":{"type":"localizedPath","paths":{"default":"sp-component-base_default.js","en-US":"sp-component-base_en-us.js","qps-ploca":"sp-component-base_qps-ploca.js","qps-ploc":"sp-component-base_qps-ploc.js","en-GB":"sp-component-base_en-us.js","en-NZ":"sp-component-base_en-us.js","en-IE":"sp-component-base_en-us.js","en-AU":"sp-component-base_en-us.js","bn":"sp-component-base_en-us.js","chr":"sp-component-base_en-us.js","dv":"sp-component-base_en-us.js","div":"sp-component-base_en-us.js","en":"sp-component-base_en-us.js","fil":"sp-component-base_en-us.js","haw":"sp-component-base_en-us.js","iu":"sp-component-base_en-us.js","lo":"sp-component-base_en-us.js","moh":"sp-component-base_en-us.js","sq":"sp-component-base_en-us.js","am":"sp-component-base_en-us.js","hy":"sp-component-base_en-us.js","mk":"sp-component-base_en-us.js","bs":"sp-component-base_en-us.js","my":"sp-component-base_en-us.js","dz":"sp-component-base_en-us.js","en-CY":"sp-component-base_en-us.js","en-EG":"sp-component-base_en-us.js","en-IL":"sp-component-base_en-us.js","en-IS":"sp-component-base_en-us.js","en-JO":"sp-component-base_en-us.js","en-KE":"sp-component-base_en-us.js","en-KW":"sp-component-base_en-us.js","en-MK":"sp-component-base_en-us.js","en-MT":"sp-component-base_en-us.js","en-PK":"sp-component-base_en-us.js","en-QA":"sp-component-base_en-us.js","en-SA":"sp-component-base_en-us.js","en-LK":"sp-component-base_en-us.js","en-AE":"sp-component-base_en-us.js","en-VN":"sp-component-base_en-us.js","is":"sp-component-base_en-us.js","km":"sp-component-base_en-us.js","kh":"sp-component-base_en-us.js","mt":"sp-component-base_en-us.js","fa":"sp-component-base_en-us.js","gd":"sp-component-base_en-us.js","sr-Cyrl-BA":"sp-component-base_en-us.js","sr-Latn-BA":"sp-component-base_en-us.js","sd":"sp-component-base_en-us.js","si":"sp-component-base_en-us.js","so":"sp-component-base_en-us.js","ti-ET":"sp-component-base_en-us.js","uz":"sp-component-base_en-us.js","en-SG":"sp-component-base_en-us.js","en-HK":"sp-component-base_en-us.js","en-MY":"sp-component-base_en-us.js","en-PH":"sp-component-base_en-us.js","en-TT":"sp-component-base_en-us.js","en-AZ":"sp-component-base_en-us.js","en-BH":"sp-component-base_en-us.js","en-BN":"sp-component-base_en-us.js","en-ID":"sp-component-base_en-us.js","mi":"sp-component-base_en-us.js"},"defaultPath":"sp-component-base_default.js"},"tslib":{"type":"component","id":"01c4df03-e775-48cb-aa14-171ee5199a15","version":"1.10.0"},"@microsoft/sp-dynamic-data":{"type":"component","id":"e40f8203-b39d-425a-a957-714852e33b79","version":"1.12.1"},"@microsoft/sp-lodash-subset":{"type":"component","id":"73e1dc6c-8441-42cc-ad47-4bd3659f8a3a","version":"1.12.1"},"@microsoft/sp-core-library":{"type":"component","id":"7263c7d0-1d6a-45ec-8d85-d4d1d234171b","version":"1.12.1"},"@microsoft/sp-page-context":{"type":"component","id":"1c4541f7-5c31-41aa-9fa8-fbc9dc14c0a8","version":"1.12.1"},"@microsoft/load-themed-styles":{"type":"component","id":"229b8d08-79f3-438b-8c21-4613fc877abd","version":"0.1.2"},"@microsoft/sp-diagnostics":{"type":"component","id":"78359e4b-07c2-43c6-8d0b-d060b4d577e8","version":"1.12.1"},"@microsoft/sp-http":{"type":"component","id":"c07208f0-ea3b-4c1a-9965-ac1b825211a6","version":"1.12.1"}}}},{"id":"1c6c9123-7aac-41f3-a376-3caea41ed83f","alias":"SPLoader","componentType":"Library","version":"1.12.1","manifestVersion":2,"loaderConfig":{"internalModuleBaseUrls":["https://localhost:4321/node_modules/@microsoft/sp-loader/dist/","https://localhost:54321/dist/"],"entryModuleId":"sp-loader","scriptResources":{"sp-loader":{"type":"localizedPath","paths":{"default":"sp-loader_default.js","en-US":"sp-loader_en-us.js","qps-ploca":"sp-loader_qps-ploca.js","qps-ploc":"sp-loader_qps-ploc.js","en-GB":"sp-loader_en-us.js","en-NZ":"sp-loader_en-us.js","en-IE":"sp-loader_en-us.js","en-AU":"sp-loader_en-us.js","bn":"sp-loader_en-us.js","chr":"sp-loader_en-us.js","dv":"sp-loader_en-us.js","div":"sp-loader_en-us.js","en":"sp-loader_en-us.js","fil":"sp-loader_en-us.js","haw":"sp-loader_en-us.js","iu":"sp-loader_en-us.js","lo":"sp-loader_en-us.js","moh":"sp-loader_en-us.js","sq":"sp-loader_en-us.js","am":"sp-loader_en-us.js","hy":"sp-loader_en-us.js","mk":"sp-loader_en-us.js","bs":"sp-loader_en-us.js","my":"sp-loader_en-us.js","dz":"sp-loader_en-us.js","en-CY":"sp-loader_en-us.js","en-EG":"sp-loader_en-us.js","en-IL":"sp-loader_en-us.js","en-IS":"sp-loader_en-us.js","en-JO":"sp-loader_en-us.js","en-KE":"sp-loader_en-us.js","en-KW":"sp-loader_en-us.js","en-MK":"sp-loader_en-us.js","en-MT":"sp-loader_en-us.js","en-PK":"sp-loader_en-us.js","en-QA":"sp-loader_en-us.js","en-SA":"sp-loader_en-us.js","en-LK":"sp-loader_en-us.js","en-AE":"sp-loader_en-us.js","en-VN":"sp-loader_en-us.js","is":"sp-loader_en-us.js","km":"sp-loader_en-us.js","kh":"sp-loader_en-us.js","mt":"sp-loader_en-us.js","fa":"sp-loader_en-us.js","gd":"sp-loader_en-us.js","sr-Cyrl-BA":"sp-loader_en-us.js","sr-Latn-BA":"sp-loader_en-us.js","sd":"sp-loader_en-us.js","si":"sp-loader_en-us.js","so":"sp-loader_en-us.js","ti-ET":"sp-loader_en-us.js","uz":"sp-loader_en-us.js","en-SG":"sp-loader_en-us.js","en-HK":"sp-loader_en-us.js","en-MY":"sp-loader_en-us.js","en-PH":"sp-loader_en-us.js","en-TT":"sp-loader_en-us.js","en-AZ":"sp-loader_en-us.js","en-BH":"sp-loader_en-us.js","en-BN":"sp-loader_en-us.js","en-ID":"sp-loader_en-us.js","mi":"sp-loader_en-us.js"},"defaultPath":"sp-loader_default.js"},"@ms/sp-telemetry":{"type":"component","id":"8217e442-8ed3-41fd-957d-b112e841286a","version":"0.19.2"},"@microsoft/sp-dynamic-data":{"type":"component","id":"e40f8203-b39d-425a-a957-714852e33b79","version":"1.12.1"},"@microsoft/sp-lodash-subset":{"type":"component","id":"73e1dc6c-8441-42cc-ad47-4bd3659f8a3a","version":"1.12.1"},"@microsoft/sp-core-library":{"type":"component","id":"7263c7d0-1d6a-45ec-8d85-d4d1d234171b","version":"1.12.1"},"@microsoft/sp-page-context":{"type":"component","id":"1c4541f7-5c31-41aa-9fa8-fbc9dc14c0a8","version":"1.12.1"},"@microsoft/load-themed-styles":{"type":"component","id":"229b8d08-79f3-438b-8c21-4613fc877abd","version":"0.1.2"},"@microsoft/sp-diagnostics":{"type":"component","id":"78359e4b-07c2-43c6-8d0b-d060b4d577e8","version":"1.12.1"},"@microsoft/sp-http":{"type":"component","id":"c07208f0-ea3b-4c1a-9965-ac1b825211a6","version":"1.12.1"}}}},{"manifestVersion":2,"componentType":"Library","id":"44bae1a2-d2eb-4e10-8c21-a1dbdce1036f","alias":"sp-loader-assembly","isInternal":true,"version":"1.0.0","rootComponentId":"1c6c9123-7aac-41f3-a376-3caea41ed83f","requiresCustomScript":false,"loaderConfig":{"internalModuleBaseUrls":["https://localhost:4321/node_modules/@microsoft/sp-loader/dist/"],"entryModuleId":"sp-loader-assembly","scriptResources":{"sp-loader-assembly":{"type":"localizedPath","paths":{"default":"sp-loader-assembly_default.js","en-US":"sp-loader-assembly_en-us.js","qps-ploca":"sp-loader-assembly_qps-ploca.js","qps-ploc":"sp-loader-assembly_qps-ploc.js","en-GB":"sp-loader-assembly_en-us.js","en-NZ":"sp-loader-assembly_en-us.js","en-IE":"sp-loader-assembly_en-us.js","en-AU":"sp-loader-assembly_en-us.js","bn":"sp-loader-assembly_en-us.js","chr":"sp-loader-assembly_en-us.js","dv":"sp-loader-assembly_en-us.js","div":"sp-loader-assembly_en-us.js","en":"sp-loader-assembly_en-us.js","fil":"sp-loader-assembly_en-us.js","haw":"sp-loader-assembly_en-us.js","iu":"sp-loader-assembly_en-us.js","lo":"sp-loader-assembly_en-us.js","moh":"sp-loader-assembly_en-us.js","sq":"sp-loader-assembly_en-us.js","am":"sp-loader-assembly_en-us.js","hy":"sp-loader-assembly_en-us.js","mk":"sp-loader-assembly_en-us.js","bs":"sp-loader-assembly_en-us.js","my":"sp-loader-assembly_en-us.js","dz":"sp-loader-assembly_en-us.js","en-CY":"sp-loader-assembly_en-us.js","en-EG":"sp-loader-assembly_en-us.js","en-IL":"sp-loader-assembly_en-us.js","en-IS":"sp-loader-assembly_en-us.js","en-JO":"sp-loader-assembly_en-us.js","en-KE":"sp-loader-assembly_en-us.js","en-KW":"sp-loader-assembly_en-us.js","en-MK":"sp-loader-assembly_en-us.js","en-MT":"sp-loader-assembly_en-us.js","en-PK":"sp-loader-assembly_en-us.js","en-QA":"sp-loader-assembly_en-us.js","en-SA":"sp-loader-assembly_en-us.js","en-LK":"sp-loader-assembly_en-us.js","en-AE":"sp-loader-assembly_en-us.js","en-VN":"sp-loader-assembly_en-us.js","is":"sp-loader-assembly_en-us.js","km":"sp-loader-assembly_en-us.js","kh":"sp-loader-assembly_en-us.js","mt":"sp-loader-assembly_en-us.js","fa":"sp-loader-assembly_en-us.js","gd":"sp-loader-assembly_en-us.js","sr-Cyrl-BA":"sp-loader-assembly_en-us.js","sr-Latn-BA":"sp-loader-assembly_en-us.js","sd":"sp-loader-assembly_en-us.js","si":"sp-loader-assembly_en-us.js","so":"sp-loader-assembly_en-us.js","ti-ET":"sp-loader-assembly_en-us.js","uz":"sp-loader-assembly_en-us.js","en-SG":"sp-loader-assembly_en-us.js","en-HK":"sp-loader-assembly_en-us.js","en-MY":"sp-loader-assembly_en-us.js","en-PH":"sp-loader-assembly_en-us.js","en-TT":"sp-loader-assembly_en-us.js","en-AZ":"sp-loader-assembly_en-us.js","en-BH":"sp-loader-assembly_en-us.js","en-BN":"sp-loader-assembly_en-us.js","en-ID":"sp-loader-assembly_en-us.js","mi":"sp-loader-assembly_en-us.js"},"defaultPath":"sp-loader-assembly_default.js"}}}},{"id":"f9e737b7-f0df-4597-ba8c-3060f82380db","alias":"SPPropertyPane","componentType":"Library","version":"1.12.1","manifestVersion":2,"loaderConfig":{"internalModuleBaseUrls":["https://localhost:4321/node_modules/@microsoft/sp-property-pane/dist/","https://localhost:4321/dist/"],"entryModuleId":"sp-property-pane","scriptResources":{"sp-property-pane":{"type":"localizedPath","paths":{"default":"sp-property-pane_default.js","en-US":"sp-property-pane_en-us.js","qps-ploca":"sp-property-pane_qps-ploca.js","qps-ploc":"sp-property-pane_qps-ploc.js","en-GB":"sp-property-pane_en-us.js","en-NZ":"sp-property-pane_en-us.js","en-IE":"sp-property-pane_en-us.js","en-AU":"sp-property-pane_en-us.js","bn":"sp-property-pane_en-us.js","chr":"sp-property-pane_en-us.js","dv":"sp-property-pane_en-us.js","div":"sp-property-pane_en-us.js","en":"sp-property-pane_en-us.js","fil":"sp-property-pane_en-us.js","haw":"sp-property-pane_en-us.js","iu":"sp-property-pane_en-us.js","lo":"sp-property-pane_en-us.js","moh":"sp-property-pane_en-us.js","sq":"sp-property-pane_en-us.js","am":"sp-property-pane_en-us.js","hy":"sp-property-pane_en-us.js","mk":"sp-property-pane_en-us.js","bs":"sp-property-pane_en-us.js","my":"sp-property-pane_en-us.js","dz":"sp-property-pane_en-us.js","en-CY":"sp-property-pane_en-us.js","en-EG":"sp-property-pane_en-us.js","en-IL":"sp-property-pane_en-us.js","en-IS":"sp-property-pane_en-us.js","en-JO":"sp-property-pane_en-us.js","en-KE":"sp-property-pane_en-us.js","en-KW":"sp-property-pane_en-us.js","en-MK":"sp-property-pane_en-us.js","en-MT":"sp-property-pane_en-us.js","en-PK":"sp-property-pane_en-us.js","en-QA":"sp-property-pane_en-us.js","en-SA":"sp-property-pane_en-us.js","en-LK":"sp-property-pane_en-us.js","en-AE":"sp-property-pane_en-us.js","en-VN":"sp-property-pane_en-us.js","is":"sp-property-pane_en-us.js","km":"sp-property-pane_en-us.js","kh":"sp-property-pane_en-us.js","mt":"sp-property-pane_en-us.js","fa":"sp-property-pane_en-us.js","gd":"sp-property-pane_en-us.js","sr-Cyrl-BA":"sp-property-pane_en-us.js","sr-Latn-BA":"sp-property-pane_en-us.js","sd":"sp-property-pane_en-us.js","si":"sp-property-pane_en-us.js","so":"sp-property-pane_en-us.js","ti-ET":"sp-property-pane_en-us.js","uz":"sp-property-pane_en-us.js","en-SG":"sp-property-pane_en-us.js","en-HK":"sp-property-pane_en-us.js","en-MY":"sp-property-pane_en-us.js","en-PH":"sp-property-pane_en-us.js","en-TT":"sp-property-pane_en-us.js","en-AZ":"sp-property-pane_en-us.js","en-BH":"sp-property-pane_en-us.js","en-BN":"sp-property-pane_en-us.js","en-ID":"sp-property-pane_en-us.js","mi":"sp-property-pane_en-us.js"},"defaultPath":"sp-property-pane_default.js"},"@microsoft/sp-loader":{"type":"component","id":"1c6c9123-7aac-41f3-a376-3caea41ed83f","version":"1.12.1"},"@microsoft/sp-core-library":{"type":"component","id":"7263c7d0-1d6a-45ec-8d85-d4d1d234171b","version":"1.12.1"},"react":{"type":"component","id":"0d910c1c-13b9-4e1c-9aa4-b008c5e42d7d","version":"16.9.0"},"react-dom":{"type":"component","id":"aa0a46ec-1505-43cd-a44a-93f3a5aa460a","version":"16.9.0"},"@microsoft/load-themed-styles":{"type":"component","id":"229b8d08-79f3-438b-8c21-4613fc877abd","version":"0.1.2"},"@microsoft/sp-diagnostics":{"type":"component","id":"78359e4b-07c2-43c6-8d0b-d060b4d577e8","version":"1.12.1"}}}},{"id":"974a7777-0990-4136-8fa6-95d80114c2e0","alias":"SPWebPartBase","componentType":"Library","version":"1.12.1","manifestVersion":2,"preloadComponents":["f9e737b7-f0df-4597-ba8c-3060f82380db"],"loaderConfig":{"internalModuleBaseUrls":["https://localhost:4321/node_modules/@microsoft/sp-webpart-base/dist/","https://localhost:4321/dist/"],"entryModuleId":"sp-webpart-base","scriptResources":{"sp-webpart-base":{"type":"localizedPath","paths":{"default":"sp-webpart-base_default.js","en-US":"sp-webpart-base_en-us.js","qps-ploca":"sp-webpart-base_qps-ploca.js","qps-ploc":"sp-webpart-base_qps-ploc.js","en-GB":"sp-webpart-base_en-us.js","en-NZ":"sp-webpart-base_en-us.js","en-IE":"sp-webpart-base_en-us.js","en-AU":"sp-webpart-base_en-us.js","bn":"sp-webpart-base_en-us.js","chr":"sp-webpart-base_en-us.js","dv":"sp-webpart-base_en-us.js","div":"sp-webpart-base_en-us.js","en":"sp-webpart-base_en-us.js","fil":"sp-webpart-base_en-us.js","haw":"sp-webpart-base_en-us.js","iu":"sp-webpart-base_en-us.js","lo":"sp-webpart-base_en-us.js","moh":"sp-webpart-base_en-us.js","sq":"sp-webpart-base_en-us.js","am":"sp-webpart-base_en-us.js","hy":"sp-webpart-base_en-us.js","mk":"sp-webpart-base_en-us.js","bs":"sp-webpart-base_en-us.js","my":"sp-webpart-base_en-us.js","dz":"sp-webpart-base_en-us.js","en-CY":"sp-webpart-base_en-us.js","en-EG":"sp-webpart-base_en-us.js","en-IL":"sp-webpart-base_en-us.js","en-IS":"sp-webpart-base_en-us.js","en-JO":"sp-webpart-base_en-us.js","en-KE":"sp-webpart-base_en-us.js","en-KW":"sp-webpart-base_en-us.js","en-MK":"sp-webpart-base_en-us.js","en-MT":"sp-webpart-base_en-us.js","en-PK":"sp-webpart-base_en-us.js","en-QA":"sp-webpart-base_en-us.js","en-SA":"sp-webpart-base_en-us.js","en-LK":"sp-webpart-base_en-us.js","en-AE":"sp-webpart-base_en-us.js","en-VN":"sp-webpart-base_en-us.js","is":"sp-webpart-base_en-us.js","km":"sp-webpart-base_en-us.js","kh":"sp-webpart-base_en-us.js","mt":"sp-webpart-base_en-us.js","fa":"sp-webpart-base_en-us.js","gd":"sp-webpart-base_en-us.js","sr-Cyrl-BA":"sp-webpart-base_en-us.js","sr-Latn-BA":"sp-webpart-base_en-us.js","sd":"sp-webpart-base_en-us.js","si":"sp-webpart-base_en-us.js","so":"sp-webpart-base_en-us.js","ti-ET":"sp-webpart-base_en-us.js","uz":"sp-webpart-base_en-us.js","en-SG":"sp-webpart-base_en-us.js","en-HK":"sp-webpart-base_en-us.js","en-MY":"sp-webpart-base_en-us.js","en-PH":"sp-webpart-base_en-us.js","en-TT":"sp-webpart-base_en-us.js","en-AZ":"sp-webpart-base_en-us.js","en-BH":"sp-webpart-base_en-us.js","en-BN":"sp-webpart-base_en-us.js","en-ID":"sp-webpart-base_en-us.js","mi":"sp-webpart-base_en-us.js"},"defaultPath":"sp-webpart-base_default.js"},"tslib":{"type":"component","id":"01c4df03-e775-48cb-aa14-171ee5199a15","version":"1.10.0"},"@ms/sp-telemetry":{"type":"component","id":"8217e442-8ed3-41fd-957d-b112e841286a","version":"0.19.2"},"@microsoft/sp-component-base":{"type":"component","id":"467dc675-7cc5-4709-8aac-78e3b71bd2f6","version":"1.12.1"},"@microsoft/sp-loader":{"type":"component","id":"1c6c9123-7aac-41f3-a376-3caea41ed83f","version":"1.12.1"},"@microsoft/sp-lodash-subset":{"type":"component","id":"73e1dc6c-8441-42cc-ad47-4bd3659f8a3a","version":"1.12.1"},"@microsoft/sp-core-library":{"type":"component","id":"7263c7d0-1d6a-45ec-8d85-d4d1d234171b","version":"1.12.1"},"@microsoft/sp-page-context":{"type":"component","id":"1c4541f7-5c31-41aa-9fa8-fbc9dc14c0a8","version":"1.12.1"},"@microsoft/load-themed-styles":{"type":"component","id":"229b8d08-79f3-438b-8c21-4613fc877abd","version":"0.1.2"},"@microsoft/sp-diagnostics":{"type":"component","id":"78359e4b-07c2-43c6-8d0b-d060b4d577e8","version":"1.12.1"},"@microsoft/sp-http":{"type":"component","id":"c07208f0-ea3b-4c1a-9965-ac1b825211a6","version":"1.12.1"}}}},{"id":"59f5759c-e472-4f20-9244-a368c6905205","alias":"ReleaseDocumentFormWebPart","componentType":"WebPart","version":"0.0.1","manifestVersion":2,"requiresCustomScript":false,"supportedHosts":["SharePointWebPart"],"preconfiguredEntries":[{"groupId":"5c03119e-3074-46fd-976b-c60198311f70","group":{"default":"Other"},"title":{"default":"ReleaseDocumentForm"},"description":{"default":"ReleaseDocumentForm description"},"officeFabricIconFontName":"Page","properties":{"description":"ReleaseDocumentForm"}}],"loaderConfig":{"internalModuleBaseUrls":["https://localhost:4321/dist/"],"entryModuleId":"release-document-form-web-part","scriptResources":{"release-document-form-web-part":{"type":"path","path":"release-document-form-web-part_1d59d45aaee443f597f2.js"},"@microsoft/sp-property-pane":{"type":"component","id":"f9e737b7-f0df-4597-ba8c-3060f82380db","version":"1.12.1"},"ReleaseDocumentFormWebPartStrings":{"type":"path","path":"ReleaseDocumentFormWebPartStrings_en-us_536e65149b0acf4d52c0043073b9fc59.js"},"@microsoft/sp-loader":{"type":"component","id":"1c6c9123-7aac-41f3-a376-3caea41ed83f","version":"1.12.1"},"@microsoft/sp-lodash-subset":{"type":"component","id":"73e1dc6c-8441-42cc-ad47-4bd3659f8a3a","version":"1.12.1"},"ControlStrings":{"type":"localizedPath","paths":{"bg-BG":"ControlStrings_bg-bg_563ca021db63b04d5f0a11a1057f4651.js","ca-ES":"ControlStrings_ca-es_09ca17f8103cf8b37099592af021710a.js","da-DK":"ControlStrings_da-dk_a7f8e7c33162d994415cb4fbdac502cd.js","de-DE":"ControlStrings_de-de_6333b0e6c9c12720de4dde539abf66dd.js","el-GR":"ControlStrings_el-gr_88d478c6224f8fa7e26e4b4823babafa.js","en-US":"ControlStrings_en-us_b4cd8c7b74220c708c8044df7f813da4.js","es-ES":"ControlStrings_es-es_8c8007a3a011810041a52c1a3f6129a1.js","et-EE":"ControlStrings_et-ee_9c76cd852693b2e599913b14c87ee2a9.js","eu-ES":"ControlStrings_eu-es_dd9c0118a3b5a4628088265625c16d97.js","fi-FI":"ControlStrings_fi-fi_3c45374119e54833144c5c8b110f2e4d.js","fr-CA":"ControlStrings_fr-ca_1edac53bab8671fd74139194f87e3ee6.js","fr-FR":"ControlStrings_fr-fr_21939c2424e2fa7c72c6d8ad712464c1.js","it-IT":"ControlStrings_it-it_919ae93afc7f595efa27457cd22c51a0.js","ja-JP":"ControlStrings_ja-jp_bfb37dc526214ef57b8ff422c390c471.js","lt-LT":"ControlStrings_lt-lt_244c5e8f909f6faa549b4afc8a358d7c.js","lv-LV":"ControlStrings_lv-lv_df574de74097684cebebb7ff4c142152.js","nb-NO":"ControlStrings_nb-no_ed498d2bc6e7850b3554c7412963e19e.js","nl-NL":"ControlStrings_nl-nl_17517759ba6c13531f4e3817724ba564.js","pl-PL":"ControlStrings_pl-pl_3f8cfb7dee7115495c3c0baf0182b319.js","pt-BR":"ControlStrings_pt-br_593655f092201b322c409731efc7587a.js","pt-PT":"ControlStrings_pt-pt_b6bfd6ee11bd17221fee2dfb9b533ae4.js","ro-RO":"ControlStrings_ro-ro_1b1d21d13e75606eb4dd2f4a96a5af9f.js","ru-RU":"ControlStrings_ru-ru_081ebc3c0d7d97d77b78217487f1a20c.js","sk-SK":"ControlStrings_sk-sk_f177beac4012ef4c54576407f365bdf3.js","sr-Latn-RS":"ControlStrings_sr-latn-rs_444eb0a63868ca76025fcc4549cf26c1.js","sv-SE":"ControlStrings_sv-se_1c62c23339b06af1015cd19f9af63c2d.js","tr-TR":"ControlStrings_tr-tr_2b275c7720d0927d9c71017af640f8d8.js","vi-VN":"ControlStrings_vi-vn_0a8a32d3446df93da5c03958dea8c69b.js","zh-CN":"ControlStrings_zh-cn_b96933b299a5e64d8b91aee03d503f39.js","zh-TW":"ControlStrings_zh-tw_590fbe14c5dd7614fc67b44947aba1cf.js"},"defaultPath":"ControlStrings_en-us_b4cd8c7b74220c708c8044df7f813da4.js"},"@microsoft/sp-core-library":{"type":"component","id":"7263c7d0-1d6a-45ec-8d85-d4d1d234171b","version":"1.12.1"},"@microsoft/sp-webpart-base":{"type":"component","id":"974a7777-0990-4136-8fa6-95d80114c2e0","version":"1.12.1"},"react":{"type":"component","id":"0d910c1c-13b9-4e1c-9aa4-b008c5e42d7d","version":"16.9.0"},"react-dom":{"type":"component","id":"aa0a46ec-1505-43cd-a44a-93f3a5aa460a","version":"16.9.0"}}}},{"id":"c9ef8e77-7f2e-4224-a643-b7266282d222","alias":"SystemAlertFormWebPart","componentType":"WebPart","version":"0.0.1","manifestVersion":2,"requiresCustomScript":false,"supportedHosts":["SharePointWebPart"],"preconfiguredEntries":[{"groupId":"5c03119e-3074-46fd-976b-c60198311f70","group":{"default":"Other"},"title":{"default":"SystemAlertForm"},"description":{"default":"SystemAlertForm description"},"officeFabricIconFontName":"Page","properties":{"description":"SystemAlertForm"}}],"loaderConfig":{"internalModuleBaseUrls":["https://localhost:4321/dist/"],"entryModuleId":"system-alert-form-web-part","scriptResources":{"system-alert-form-web-part":{"type":"path","path":"system-alert-form-web-part_fcc3814abbabcb1e64b2.js"},"SystemAlertFormWebPartStrings":{"type":"path","path":"SystemAlertFormWebPartStrings_en-us_536e65149b0acf4d52c0043073b9fc59.js"},"@microsoft/sp-property-pane":{"type":"component","id":"f9e737b7-f0df-4597-ba8c-3060f82380db","version":"1.12.1"},"@microsoft/sp-loader":{"type":"component","id":"1c6c9123-7aac-41f3-a376-3caea41ed83f","version":"1.12.1"},"@microsoft/sp-lodash-subset":{"type":"component","id":"73e1dc6c-8441-42cc-ad47-4bd3659f8a3a","version":"1.12.1"},"ControlStrings":{"type":"localizedPath","paths":{"bg-BG":"ControlStrings_bg-bg_563ca021db63b04d5f0a11a1057f4651.js","ca-ES":"ControlStrings_ca-es_09ca17f8103cf8b37099592af021710a.js","da-DK":"ControlStrings_da-dk_a7f8e7c33162d994415cb4fbdac502cd.js","de-DE":"ControlStrings_de-de_6333b0e6c9c12720de4dde539abf66dd.js","el-GR":"ControlStrings_el-gr_88d478c6224f8fa7e26e4b4823babafa.js","en-US":"ControlStrings_en-us_b4cd8c7b74220c708c8044df7f813da4.js","es-ES":"ControlStrings_es-es_8c8007a3a011810041a52c1a3f6129a1.js","et-EE":"ControlStrings_et-ee_9c76cd852693b2e599913b14c87ee2a9.js","eu-ES":"ControlStrings_eu-es_dd9c0118a3b5a4628088265625c16d97.js","fi-FI":"ControlStrings_fi-fi_3c45374119e54833144c5c8b110f2e4d.js","fr-CA":"ControlStrings_fr-ca_1edac53bab8671fd74139194f87e3ee6.js","fr-FR":"ControlStrings_fr-fr_21939c2424e2fa7c72c6d8ad712464c1.js","it-IT":"ControlStrings_it-it_919ae93afc7f595efa27457cd22c51a0.js","ja-JP":"ControlStrings_ja-jp_bfb37dc526214ef57b8ff422c390c471.js","lt-LT":"ControlStrings_lt-lt_244c5e8f909f6faa549b4afc8a358d7c.js","lv-LV":"ControlStrings_lv-lv_df574de74097684cebebb7ff4c142152.js","nb-NO":"ControlStrings_nb-no_ed498d2bc6e7850b3554c7412963e19e.js","nl-NL":"ControlStrings_nl-nl_17517759ba6c13531f4e3817724ba564.js","pl-PL":"ControlStrings_pl-pl_3f8cfb7dee7115495c3c0baf0182b319.js","pt-BR":"ControlStrings_pt-br_593655f092201b322c409731efc7587a.js","pt-PT":"ControlStrings_pt-pt_b6bfd6ee11bd17221fee2dfb9b533ae4.js","ro-RO":"ControlStrings_ro-ro_1b1d21d13e75606eb4dd2f4a96a5af9f.js","ru-RU":"ControlStrings_ru-ru_081ebc3c0d7d97d77b78217487f1a20c.js","sk-SK":"ControlStrings_sk-sk_f177beac4012ef4c54576407f365bdf3.js","sr-Latn-RS":"ControlStrings_sr-latn-rs_444eb0a63868ca76025fcc4549cf26c1.js","sv-SE":"ControlStrings_sv-se_1c62c23339b06af1015cd19f9af63c2d.js","tr-TR":"ControlStrings_tr-tr_2b275c7720d0927d9c71017af640f8d8.js","vi-VN":"ControlStrings_vi-vn_0a8a32d3446df93da5c03958dea8c69b.js","zh-CN":"ControlStrings_zh-cn_b96933b299a5e64d8b91aee03d503f39.js","zh-TW":"ControlStrings_zh-tw_590fbe14c5dd7614fc67b44947aba1cf.js"},"defaultPath":"ControlStrings_en-us_b4cd8c7b74220c708c8044df7f813da4.js"},"@microsoft/sp-core-library":{"type":"component","id":"7263c7d0-1d6a-45ec-8d85-d4d1d234171b","version":"1.12.1"},"@microsoft/sp-webpart-base":{"type":"component","id":"974a7777-0990-4136-8fa6-95d80114c2e0","version":"1.12.1"},"react":{"type":"component","id":"0d910c1c-13b9-4e1c-9aa4-b008c5e42d7d","version":"16.9.0"},"react-dom":{"type":"component","id":"aa0a46ec-1505-43cd-a44a-93f3a5aa460a","version":"16.9.0"}}}},{"id":"7563a2e9-0bb9-48dc-a56c-eaaa8a01aa52","alias":"NewsArticleFormWebPart","componentType":"WebPart","version":"0.0.1","manifestVersion":2,"requiresCustomScript":false,"supportedHosts":["SharePointWebPart"],"preconfiguredEntries":[{"groupId":"5c03119e-3074-46fd-976b-c60198311f70","group":{"default":"Other"},"title":{"default":"NewsArticleForm"},"description":{"default":"NewsArticleForm description"},"officeFabricIconFontName":"Page","properties":{"description":"NewsArticleForm"}}],"loaderConfig":{"internalModuleBaseUrls":["https://localhost:4321/dist/"],"entryModuleId":"news-article-form-web-part","scriptResources":{"news-article-form-web-part":{"type":"path","path":"news-article-form-web-part_1dae9f176c46cae6c753.js"},"@microsoft/sp-property-pane":{"type":"component","id":"f9e737b7-f0df-4597-ba8c-3060f82380db","version":"1.12.1"},"@microsoft/sp-loader":{"type":"component","id":"1c6c9123-7aac-41f3-a376-3caea41ed83f","version":"1.12.1"},"@microsoft/office-ui-fabric-react-bundle":{"type":"component","id":"02a01e42-69ab-403d-8a16-acd128661f8e","version":"1.12.1"},"NewsArticleFormWebPartStrings":{"type":"path","path":"NewsArticleFormWebPartStrings_en-us_536e65149b0acf4d52c0043073b9fc59.js"},"@microsoft/sp-lodash-subset":{"type":"component","id":"73e1dc6c-8441-42cc-ad47-4bd3659f8a3a","version":"1.12.1"},"ControlStrings":{"type":"localizedPath","paths":{"bg-BG":"ControlStrings_bg-bg_563ca021db63b04d5f0a11a1057f4651.js","ca-ES":"ControlStrings_ca-es_09ca17f8103cf8b37099592af021710a.js","da-DK":"ControlStrings_da-dk_a7f8e7c33162d994415cb4fbdac502cd.js","de-DE":"ControlStrings_de-de_6333b0e6c9c12720de4dde539abf66dd.js","el-GR":"ControlStrings_el-gr_88d478c6224f8fa7e26e4b4823babafa.js","en-US":"ControlStrings_en-us_b4cd8c7b74220c708c8044df7f813da4.js","es-ES":"ControlStrings_es-es_8c8007a3a011810041a52c1a3f6129a1.js","et-EE":"ControlStrings_et-ee_9c76cd852693b2e599913b14c87ee2a9.js","eu-ES":"ControlStrings_eu-es_dd9c0118a3b5a4628088265625c16d97.js","fi-FI":"ControlStrings_fi-fi_3c45374119e54833144c5c8b110f2e4d.js","fr-CA":"ControlStrings_fr-ca_1edac53bab8671fd74139194f87e3ee6.js","fr-FR":"ControlStrings_fr-fr_21939c2424e2fa7c72c6d8ad712464c1.js","it-IT":"ControlStrings_it-it_919ae93afc7f595efa27457cd22c51a0.js","ja-JP":"ControlStrings_ja-jp_bfb37dc526214ef57b8ff422c390c471.js","lt-LT":"ControlStrings_lt-lt_244c5e8f909f6faa549b4afc8a358d7c.js","lv-LV":"ControlStrings_lv-lv_df574de74097684cebebb7ff4c142152.js","nb-NO":"ControlStrings_nb-no_ed498d2bc6e7850b3554c7412963e19e.js","nl-NL":"ControlStrings_nl-nl_17517759ba6c13531f4e3817724ba564.js","pl-PL":"ControlStrings_pl-pl_3f8cfb7dee7115495c3c0baf0182b319.js","pt-BR":"ControlStrings_pt-br_593655f092201b322c409731efc7587a.js","pt-PT":"ControlStrings_pt-pt_b6bfd6ee11bd17221fee2dfb9b533ae4.js","ro-RO":"ControlStrings_ro-ro_1b1d21d13e75606eb4dd2f4a96a5af9f.js","ru-RU":"ControlStrings_ru-ru_081ebc3c0d7d97d77b78217487f1a20c.js","sk-SK":"ControlStrings_sk-sk_f177beac4012ef4c54576407f365bdf3.js","sr-Latn-RS":"ControlStrings_sr-latn-rs_444eb0a63868ca76025fcc4549cf26c1.js","sv-SE":"ControlStrings_sv-se_1c62c23339b06af1015cd19f9af63c2d.js","tr-TR":"ControlStrings_tr-tr_2b275c7720d0927d9c71017af640f8d8.js","vi-VN":"ControlStrings_vi-vn_0a8a32d3446df93da5c03958dea8c69b.js","zh-CN":"ControlStrings_zh-cn_b96933b299a5e64d8b91aee03d503f39.js","zh-TW":"ControlStrings_zh-tw_590fbe14c5dd7614fc67b44947aba1cf.js"},"defaultPath":"ControlStrings_en-us_b4cd8c7b74220c708c8044df7f813da4.js"},"@microsoft/sp-core-library":{"type":"component","id":"7263c7d0-1d6a-45ec-8d85-d4d1d234171b","version":"1.12.1"},"@microsoft/sp-webpart-base":{"type":"component","id":"974a7777-0990-4136-8fa6-95d80114c2e0","version":"1.12.1"},"react":{"type":"component","id":"0d910c1c-13b9-4e1c-9aa4-b008c5e42d7d","version":"16.9.0"},"react-dom":{"type":"component","id":"aa0a46ec-1505-43cd-a44a-93f3a5aa460a","version":"16.9.0"}}}},{"id":"5811211e-e00b-4386-bda7-394583979ab4","alias":"FaqDocumentFormWebPart","componentType":"WebPart","version":"0.0.1","manifestVersion":2,"requiresCustomScript":false,"supportedHosts":["SharePointWebPart"],"preconfiguredEntries":[{"groupId":"5c03119e-3074-46fd-976b-c60198311f70","group":{"default":"Other"},"title":{"default":"FAQDocumentForm"},"description":{"default":"FAQDocumentForm description"},"officeFabricIconFontName":"Page","properties":{"description":"FAQDocumentForm"}}],"loaderConfig":{"internalModuleBaseUrls":["https://localhost:4321/dist/"],"entryModuleId":"faq-document-form-web-part","scriptResources":{"faq-document-form-web-part":{"type":"path","path":"faq-document-form-web-part_d292443962aeae30faba.js"},"@microsoft/sp-property-pane":{"type":"component","id":"f9e737b7-f0df-4597-ba8c-3060f82380db","version":"1.12.1"},"FaqDocumentFormWebPartStrings":{"type":"path","path":"FaqDocumentFormWebPartStrings_en-us_536e65149b0acf4d52c0043073b9fc59.js"},"@microsoft/sp-loader":{"type":"component","id":"1c6c9123-7aac-41f3-a376-3caea41ed83f","version":"1.12.1"},"@microsoft/sp-lodash-subset":{"type":"component","id":"73e1dc6c-8441-42cc-ad47-4bd3659f8a3a","version":"1.12.1"},"ControlStrings":{"type":"localizedPath","paths":{"bg-BG":"ControlStrings_bg-bg_563ca021db63b04d5f0a11a1057f4651.js","ca-ES":"ControlStrings_ca-es_09ca17f8103cf8b37099592af021710a.js","da-DK":"ControlStrings_da-dk_a7f8e7c33162d994415cb4fbdac502cd.js","de-DE":"ControlStrings_de-de_6333b0e6c9c12720de4dde539abf66dd.js","el-GR":"ControlStrings_el-gr_88d478c6224f8fa7e26e4b4823babafa.js","en-US":"ControlStrings_en-us_b4cd8c7b74220c708c8044df7f813da4.js","es-ES":"ControlStrings_es-es_8c8007a3a011810041a52c1a3f6129a1.js","et-EE":"ControlStrings_et-ee_9c76cd852693b2e599913b14c87ee2a9.js","eu-ES":"ControlStrings_eu-es_dd9c0118a3b5a4628088265625c16d97.js","fi-FI":"ControlStrings_fi-fi_3c45374119e54833144c5c8b110f2e4d.js","fr-CA":"ControlStrings_fr-ca_1edac53bab8671fd74139194f87e3ee6.js","fr-FR":"ControlStrings_fr-fr_21939c2424e2fa7c72c6d8ad712464c1.js","it-IT":"ControlStrings_it-it_919ae93afc7f595efa27457cd22c51a0.js","ja-JP":"ControlStrings_ja-jp_bfb37dc526214ef57b8ff422c390c471.js","lt-LT":"ControlStrings_lt-lt_244c5e8f909f6faa549b4afc8a358d7c.js","lv-LV":"ControlStrings_lv-lv_df574de74097684cebebb7ff4c142152.js","nb-NO":"ControlStrings_nb-no_ed498d2bc6e7850b3554c7412963e19e.js","nl-NL":"ControlStrings_nl-nl_17517759ba6c13531f4e3817724ba564.js","pl-PL":"ControlStrings_pl-pl_3f8cfb7dee7115495c3c0baf0182b319.js","pt-BR":"ControlStrings_pt-br_593655f092201b322c409731efc7587a.js","pt-PT":"ControlStrings_pt-pt_b6bfd6ee11bd17221fee2dfb9b533ae4.js","ro-RO":"ControlStrings_ro-ro_1b1d21d13e75606eb4dd2f4a96a5af9f.js","ru-RU":"ControlStrings_ru-ru_081ebc3c0d7d97d77b78217487f1a20c.js","sk-SK":"ControlStrings_sk-sk_f177beac4012ef4c54576407f365bdf3.js","sr-Latn-RS":"ControlStrings_sr-latn-rs_444eb0a63868ca76025fcc4549cf26c1.js","sv-SE":"ControlStrings_sv-se_1c62c23339b06af1015cd19f9af63c2d.js","tr-TR":"ControlStrings_tr-tr_2b275c7720d0927d9c71017af640f8d8.js","vi-VN":"ControlStrings_vi-vn_0a8a32d3446df93da5c03958dea8c69b.js","zh-CN":"ControlStrings_zh-cn_b96933b299a5e64d8b91aee03d503f39.js","zh-TW":"ControlStrings_zh-tw_590fbe14c5dd7614fc67b44947aba1cf.js"},"defaultPath":"ControlStrings_en-us_b4cd8c7b74220c708c8044df7f813da4.js"},"@microsoft/sp-core-library":{"type":"component","id":"7263c7d0-1d6a-45ec-8d85-d4d1d234171b","version":"1.12.1"},"@microsoft/sp-webpart-base":{"type":"component","id":"974a7777-0990-4136-8fa6-95d80114c2e0","version":"1.12.1"},"react":{"type":"component","id":"0d910c1c-13b9-4e1c-9aa4-b008c5e42d7d","version":"16.9.0"},"react-dom":{"type":"component","id":"aa0a46ec-1505-43cd-a44a-93f3a5aa460a","version":"16.9.0"}}}},{"id":"f27f26cc-16f2-474a-851a-745166091e58","alias":"UserGuideFormWebPart","componentType":"WebPart","version":"0.0.1","manifestVersion":2,"requiresCustomScript":false,"supportedHosts":["SharePointWebPart"],"preconfiguredEntries":[{"groupId":"5c03119e-3074-46fd-976b-c60198311f70","group":{"default":"Other"},"title":{"default":"UserGuideForm"},"description":{"default":"UserGuideForm description"},"officeFabricIconFontName":"Page","properties":{"description":"UserGuideForm"}}],"loaderConfig":{"internalModuleBaseUrls":["https://localhost:4321/dist/"],"entryModuleId":"user-guide-form-web-part","scriptResources":{"user-guide-form-web-part":{"type":"path","path":"user-guide-form-web-part_ad9bdeaafc1986f12598.js"},"@microsoft/sp-property-pane":{"type":"component","id":"f9e737b7-f0df-4597-ba8c-3060f82380db","version":"1.12.1"},"UserGuideFormWebPartStrings":{"type":"path","path":"UserGuideFormWebPartStrings_en-us_536e65149b0acf4d52c0043073b9fc59.js"},"@microsoft/sp-loader":{"type":"component","id":"1c6c9123-7aac-41f3-a376-3caea41ed83f","version":"1.12.1"},"@microsoft/sp-core-library":{"type":"component","id":"7263c7d0-1d6a-45ec-8d85-d4d1d234171b","version":"1.12.1"},"@microsoft/sp-webpart-base":{"type":"component","id":"974a7777-0990-4136-8fa6-95d80114c2e0","version":"1.12.1"},"react":{"type":"component","id":"0d910c1c-13b9-4e1c-9aa4-b008c5e42d7d","version":"16.9.0"},"react-dom":{"type":"component","id":"aa0a46ec-1505-43cd-a44a-93f3a5aa460a","version":"16.9.0"}}}}]