{
  "$schema": "https://developer.microsoft.com/json-schemas/spfx-build/package-solution.schema.json",
  "solution": {
    "name": "gap-claims-letters-client-side-solution",
    "id": "31e6834d-ffad-47cb-88d5-63893579ae75",
    "version": "1.0.0.0",
    "includeClientSideAssets": true,
    "skipFeatureDeployment": true,
    "isDomainIsolated": false,
    "developer": {
      "name": "",
      "websiteUrl": "",
      "privacyUrl": "",
      "termsOfUseUrl": "",
      "mpnId": "Undefined-1.14.0"
    },
    "metadata": {
      "shortDescription": {
        "default": "GapClaimsLetters description"
      },
      "longDescription": {
        "default": "GapClaimsLetters description"
      },
      "screenshotPaths": [],
      "videoUrl": "",
      "categories": []
    },
    "features": [
      {
        "title": "gap-claims-letters Feature",
        "description": "The feature that activates elements of the gap-claims-letters solution.",
        "id": "09c4a869-4985-4467-9469-73444e376bf6",
        "version": "1.0.0.0"
      }
    ]
  },
  "paths": {
    "zippedPackage": "solution/gap-claims-letters.sppkg"
  }
}
